etiqueta_pdf,clasificacion
5105,LINEA
5106,LINEA
5108,LINEA
5109,LINEA
5110,LINEA
5111,LINEA
5112,LINEA
5113,LINEA
5117,LINEA
5118,LINEA
5120,LINEA
5127,LINEA
5128,LINEA
5129,LINEA
5130,LINEA
5132,LINEA
5136,LINEA
5140,LINEA
5142,LINEA
5143,LINEA
5145,LINEA
5147,LINEA
5148,LINEA
5153,LINEA
5154,LINEA
5156,LINEA
5157,LINEA
5158,LINEA
5280,LINEA
5281,LINEA
5282,LINEA
5283,LINEA
5285,LINEA
5287,LINEA
5288,LINEA
5289,LINEA
5290,LINEA
5291,LINEA
5292,LINEA
5294,LINEA
5295,LINEA
5296,LINEA
5297,LINEA
5298,LINEA
5300,LINEA
5304,LINEA
5373,LINEA
9137,LINEA
9138,LINEA
9139,LINEA
9140,LINEA
9141,LINEA
9142,LINEA
9143,LINEA
9253,LINEA
9254,LINEA
9256,LINEA
9257,LINEA
9258,LINEA
9264,LINEA
9265,LINEA
9266,LINEA
9267,LINEA
9268,LINEA
9274,LINEA
9275,LINEA
9276,LINEA
9277,LINEA
9299,LINEA
9300,LINEA
9301,LINEA
9302,LINEA
9320,LINEA
9321,LINEA
9322,LINEA
9323,LINEA
9341,LINEA
9342,LINEA
9343,LINEA
9344,LINEA
9345,LINEA
9351,LINEA
9352,LINEA
9783,LINEA
9784,LINEA
9785,LINEA
9811,LINEA
9822,LINEA
9823,LINEA
9824,LINEA
9839,LINEA
9840,LINEA
9841,LINEA
9842,LINEA
9843,LINEA
9844,LINEA
9944,LINEA
9945,LINEA
9946,LINEA
9949,LINEA
9950,LINEA
9966,LINEA
9967,LINEA
9989,LINEA
9990,LINEA
9991,LINEA
10833,LINEA
10834,LINEA
10835,LINEA
10836,LINEA
10941,LINEA
10942,LINEA
10943,LINEA
10944,LINEA
10945,LINEA
10978,LINEA
10979,LINEA
11284,LINEA
11285,LINEA
11286,LINEA
11287,LINEA
11288,LINEA
11289,LINEA
11290,LINEA
11342,LINEA
11343,LINEA
11344,LINEA
11381,LINEA
11382,LINEA
11383,LINEA
11384,LINEA
11385,LINEA
15348,LINEA
15349,LINEA
15350,LINEA
15351,LINEA
21781,LINEA
21782,LINEA
21783,LINEA
26711,LINEA
26712,LINEA
26713,LINEA
40905,LINEA
40906,LINEA
40907,LINEA
47594,LINEA
47595,LINEA
47596,LINEA
47597,LINEA
714206,LINEA
714207,LINEA
714208,LINEA
714209,LINEA
714525,LINEA
717305,LINEA
717306,LINEA
720189,LINEA
720190,LINEA
720191,LINEA
720192,LINEA
720193,LINEA
720194,LINEA
725649,LINEA
725650,LINEA
725659,LINEA
725660,LINEA
741064,LINEA
764757,LINEA
764758,LINEA
764759,LINEA
764760,LINEA
791042,LINEA
791043,LINEA
791044,LINEA
791045,LINEA
804306,LINEA
806799,LINEA
807671,LINEA
807672,LINEA
807673,LINEA
807674,LINEA
807675,LINEA
812080,LINEA
812081,LINEA
812082,LINEA
812083,LINEA
825166,LINEA
825167,LINEA
828934,LINEA
828942,LINEA
828945,LINEA
828948,LINEA
830653,LINEA
830654,LINEA
830655,LINEA
830657,LINEA
1026666,NODO
1026682,NODO
1045288,NODO
1065971,NODO
1067001,NODO
1067010,NODO
1067028,NODO
1067036,NODO
1067044,NODO
1067052,NODO
1067079,NODO
1067087,NODO
1067109,NODO
1067117,NODO
1067125,NODO
1067133,NODO
1067141,NODO
1067150,NODO
1067176,NODO
1067184,NODO
1067192,NODO
1067206,NODO
1067214,NODO
1069438,NODO
1069446,NODO
1069454,NODO
1069471,NODO
1069489,NODO
1069497,NODO
1069501,NODO
1069519,NODO
1069527,NODO
1069683,NODO
1101251,NODO
1101277,NODO
1101293,NODO
1101307,NODO
1101315,NODO
1101323,NODO
1101331,NODO
1101340,NODO
1101358,NODO
1101374,NODO
1101382,NODO
1101391,NODO
1101404,NODO
1101412,NODO
1101421,NODO
1101447,NODO
1101455,NODO
1101471,NODO
1101480,NODO
1102958,NODO
1102974,NODO
1102982,NODO
1103211,NODO
1103229,NODO
1103245,NODO
1103253,NODO
1103296,NODO
1103300,NODO
1103318,NODO
1103326,NODO
1103351,NODO
1103385,NODO
1103393,NODO
1103407,NODO
1103431,NODO
1103458,NODO
1103725,NODO
1154079,NODO
1154087,NODO
1154109,NODO
1154117,NODO
1154125,NODO
1154133,NODO
1154141,NODO
1154150,NODO
1154176,NODO
1154192,NODO
1154206,NODO
1154214,NODO
1154222,NODO
1154231,NODO
1154249,NODO
1154257,NODO
1154273,NODO
1154281,NODO
1154290,NODO
1154303,NODO
1154311,NODO
1154346,NODO
1154354,NODO
1154371,NODO
1154389,NODO
1154397,NODO
1154401,NODO
1154435,NODO
1154443,NODO
1154451,NODO
1154478,NODO
1154494,NODO
1154508,NODO
1154524,NODO
1154532,NODO
1154541,NODO
1154575,NODO
1154583,NODO
1154591,NODO
1154605,NODO
1154613,NODO
1155245,NODO
1155253,NODO
1155270,NODO
1155334,NODO
1155342,NODO
1155351,NODO
1155377,NODO
1155652,NODO
1155679,NODO
1155741,NODO
1155750,NODO
1155776,NODO
1155792,NODO
1155806,NODO
1155822,NODO
1155849,NODO
1155857,NODO
1155881,NODO
1155911,NODO
1155938,NODO
1155946,NODO
1155971,NODO
1155997,NODO
1157019,NODO
1283235,NODO
1618733,NODO
1618741,NODO
1618750,NODO
1667238,NODO
1667262,NODO
2214130,NODO
2214148,NODO
2214156,NODO
2479567,NODO
2567814,NODO
2567831,NODO
2765811,NODO
2765829,NODO
2765837,NODO
2789132,NODO
2789141,NODO
3272567,NODO
3272664,NODO
3272761,NODO
3272869,NODO
3272966,NODO
3453260,NODO
3453367,NODO
3453464,NODO
3453561,NODO
3769721,NODO
4249330,NODO
4249348,NODO
4249356,NODO
4249372,NODO
4637844,NODO
4637852,NODO
4637861,NODO
4916671,NODO
4938216,NODO
5604524,NODO
5605024,NODO
5605032,NODO
8338973,NODO
8339155,NODO
8339694,NODO
8339708,NODO
8795266,NODO
9219013,NODO
9500758,NODO
9500766,NODO
9500774,NODO
