Name	In Folder	Grid	Terminal i	Terminal j	Length	Type Name	Rtd.Current	R1	X1	B1	R0	X0	B0
			Busbar	Busbar	km		kA	Ohm	Ohm	uS	Ohm	Ohm	uS
5105	\Usuario Principal.IntUser\Mas X Menos Guarin.IntPrj\Modelo de Red.IntPrjfolder\Datos de Red.IntPrjfolder\Red.ElmNet	Red	1067001	1069438	0.0423	3F_15_ACSR_4/0_AIRE	0.355	0.011039	0.018196	0.170062	0.024405	0.078003	0.076106
5106	\Usuario Principal.IntUser\Mas X Menos Guarin.IntPrj\Modelo de Red.IntPrjfolder\Datos de Red.IntPrjfolder\Red.ElmNet	Red	1069438	1069446	0.0981	3F_15_ACSR_4/0_AIRE	0.355	0.0256	0.0422	0.3944	0.0566	0.1809	0.1765
5108	\Usuario Principal.IntUser\Mas X Menos Guarin.IntPrj\Modelo de Red.IntPrjfolder\Datos de Red.IntPrjfolder\Red.ElmNet	Red	1069446	1069454	0.0247	3F_15_ACSR_4/0_AIRE	0.355	0.006446	0.010625	0.099304	0.014251	0.045548	0.04444
5109	\Usuario Principal.IntUser\Mas X Menos Guarin.IntPrj\Modelo de Red.IntPrjfolder\Datos de Red.IntPrjfolder\Red.ElmNet	Red	1069454	1069471	0.04	3F_15_ACSR_4/0_AIRE	0.355	0.010438	0.017207	0.160815	0.023078	0.073761	0.071967
5110	\Usuario Principal.IntUser\Mas X Menos Guarin.IntPrj\Modelo de Red.IntPrjfolder\Datos de Red.IntPrjfolder\Red.ElmNet	Red	1069471	1069489	0.0702	3F_15_ACSR_4/0_AIRE	0.355	0.018319	0.030198	0.282231	0.040503	0.129451	0.126303
5111	\Usuario Principal.IntUser\Mas X Menos Guarin.IntPrj\Modelo de Red.IntPrjfolder\Datos de Red.IntPrjfolder\Red.ElmNet	Red	1069489	1069497	0.0604	3F_15_ACSR_4/0_AIRE	0.355	0.015762	0.025982	0.242831	0.034849	0.11138	0.108671
5112	\Usuario Principal.IntUser\Mas X Menos Guarin.IntPrj\Modelo de Red.IntPrjfolder\Datos de Red.IntPrjfolder\Red.ElmNet	Red	1069497	1069501	0.054	3F_15_ACSR_4/0_AIRE	0.355	0.014092	0.023229	0.217101	0.031156	0.099578	0.097156
5113	\Usuario Principal.IntUser\Mas X Menos Guarin.IntPrj\Modelo de Red.IntPrjfolder\Datos de Red.IntPrjfolder\Red.ElmNet	Red	1069501	1069519	0.0434	3F_15_ACSR_4/0_AIRE	0.355	0.011326	0.01867	0.174485	0.02504	0.080031	0.078085
5117	\Usuario Principal.IntUser\Mas X Menos Guarin.IntPrj\Modelo de Red.IntPrjfolder\Datos de Red.IntPrjfolder\Red.ElmNet	Red	1069519	1069527	0.0159	3F_15_ACSR_4/0_AIRE	0.355	0.004149	0.00684	0.063924	0.009174	0.02932	0.028607
5118	\Usuario Principal.IntUser\Mas X Menos Guarin.IntPrj\Modelo de Red.IntPrjfolder\Datos de Red.IntPrjfolder\Red.ElmNet	Red	1069527	1069683	0.071	3F_15_ACSR_4/0_AIRE	0.355	0.018528	0.030542	0.285448	0.040964	0.130927	0.127742
5120	\Usuario Principal.IntUser\Mas X Menos Guarin.IntPrj\Modelo de Red.IntPrjfolder\Datos de Red.IntPrjfolder\Red.ElmNet	Red	1069683	1067010	0.0317	3F_15_ACSR_4/0_AIRE	0.355	0.008272	0.013636	0.127446	0.01829	0.058456	0.057034
5127	\Usuario Principal.IntUser\Mas X Menos Guarin.IntPrj\Modelo de Red.IntPrjfolder\Datos de Red.IntPrjfolder\Red.ElmNet	Red	1067010	1067028	0.0563	3F_15_ACSR_4/0_AIRE	0.355	0.014692	0.024219	0.226348	0.032483	0.103819	0.101294
5128	\Usuario Principal.IntUser\Mas X Menos Guarin.IntPrj\Modelo de Red.IntPrjfolder\Datos de Red.IntPrjfolder\Red.ElmNet	Red	1067036	1067028	0.0113	3F_15_ACSR_4/0_AIRE	0.355	0.002949	0.004861	0.04543	0.00652	0.020838	0.020331
5129	\Usuario Principal.IntUser\Mas X Menos Guarin.IntPrj\Modelo de Red.IntPrjfolder\Datos de Red.IntPrjfolder\Red.ElmNet	Red	1067036	1067044	0.0498	3F_15_ACSR_4/0_AIRE	0.355	0.012996	0.021423	0.200215	0.028733	0.091833	0.089599
5130	\Usuario Principal.IntUser\Mas X Menos Guarin.IntPrj\Modelo de Red.IntPrjfolder\Datos de Red.IntPrjfolder\Red.ElmNet	Red	1067044	1067052	0.0536	3F_15_ACSR_4/0_AIRE	0.355	0.013987	0.023057	0.215493	0.030925	0.09884	0.096436
5132	\Usuario Principal.IntUser\Mas X Menos Guarin.IntPrj\Modelo de Red.IntPrjfolder\Datos de Red.IntPrjfolder\Red.ElmNet	Red	1067052	1067079	0.0145	3F_15_ACSR_2/0_AIRE	0.275	0.006012	0.006484	0.055799	0.01059	0.026996	0.025581
5136	\Usuario Principal.IntUser\Mas X Menos Guarin.IntPrj\Modelo de Red.IntPrjfolder\Datos de Red.IntPrjfolder\Red.ElmNet	Red	1067079	1067087	0.02	3F_15_ACSR_2/0_AIRE	0.275	0.008293	0.008943	0.076965	0.014607	0.037236	0.035285
5140	\Usuario Principal.IntUser\Mas X Menos Guarin.IntPrj\Modelo de Red.IntPrjfolder\Datos de Red.IntPrjfolder\Red.ElmNet	Red	1067052	1067109	0.0655	3F_15_ACSR_4/0_AIRE	0.355	0.017093	0.028176	0.263335	0.037791	0.120784	0.117847
5142	\Usuario Principal.IntUser\Mas X Menos Guarin.IntPrj\Modelo de Red.IntPrjfolder\Datos de Red.IntPrjfolder\Red.ElmNet	Red	1067109	1067117	0.0676	3F_15_ACSR_2/0_AIRE	0.275	0.028029	0.030228	0.260141	0.049372	0.125857	0.119262
5143	\Usuario Principal.IntUser\Mas X Menos Guarin.IntPrj\Modelo de Red.IntPrjfolder\Datos de Red.IntPrjfolder\Red.ElmNet	Red	1067117	1067125	0.0583	3F_15_ACSR_2/0_AIRE	0.275	0.024173	0.026069	0.224352	0.04258	0.108542	0.102854
5145	\Usuario Principal.IntUser\Mas X Menos Guarin.IntPrj\Modelo de Red.IntPrjfolder\Datos de Red.IntPrjfolder\Red.ElmNet	Red	1067125	1067133	0.018	3F_15_ACSR_2/0_ECO	0.295	0.0074	0.0067	0.098	0.0106	0.0851	0.024
5147	\Usuario Principal.IntUser\Mas X Menos Guarin.IntPrj\Modelo de Red.IntPrjfolder\Datos de Red.IntPrjfolder\Red.ElmNet	Red	1067125	1067141	0.0502	3F_15_ACSR_2/0_AIRE	0.275	0.020815	0.022447	0.193182	0.036664	0.093462	0.088564
5148	\Usuario Principal.IntUser\Mas X Menos Guarin.IntPrj\Modelo de Red.IntPrjfolder\Datos de Red.IntPrjfolder\Red.ElmNet	Red	1067141	1067150	0.0631	3F_15_ACSR_1/0_AIRE	0.241	0.033002	0.028743	0.237593	0.052841	0.117974	0.110135
5153	\Usuario Principal.IntUser\Mas X Menos Guarin.IntPrj\Modelo de Red.IntPrjfolder\Datos de Red.IntPrjfolder\Red.ElmNet	Red	1067150	1067176	0.0738	3F_15_ACSR_2/0_AIRE	0.275	0.0306	0.033	0.284	0.0539	0.1374	0.1302
5154	\Usuario Principal.IntUser\Mas X Menos Guarin.IntPrj\Modelo de Red.IntPrjfolder\Datos de Red.IntPrjfolder\Red.ElmNet	Red	1067176	1067184	0.0415	3F_15_ACSR_2/0_AIRE	0.275	0.017207	0.018557	0.159702	0.03031	0.077264	0.073215
5156	\Usuario Principal.IntUser\Mas X Menos Guarin.IntPrj\Modelo de Red.IntPrjfolder\Datos de Red.IntPrjfolder\Red.ElmNet	Red	1067184	1067192	0.0589	3F_15_ACSR_2/0_AIRE	0.275	0.024422	0.026337	0.226661	0.043018	0.109659	0.103913
5157	\Usuario Principal.IntUser\Mas X Menos Guarin.IntPrj\Modelo de Red.IntPrjfolder\Datos de Red.IntPrjfolder\Red.ElmNet	Red	1067192	1067206	0.0649	3F_15_ACSR_2/0_AIRE	0.275	0.02691	0.02902	0.249751	0.0474	0.12083	0.114498
5158	\Usuario Principal.IntUser\Mas X Menos Guarin.IntPrj\Modelo de Red.IntPrjfolder\Datos de Red.IntPrjfolder\Red.ElmNet	Red	1067206	1067214	0.0677	3F_15_ACSR_2/0_AIRE	0.275	0.028071	0.030272	0.260526	0.049445	0.126043	0.119438
5280	\Usuario Principal.IntUser\Mas X Menos Guarin.IntPrj\Modelo de Red.IntPrjfolder\Datos de Red.IntPrjfolder\Red.ElmNet	Red	1067214	1101251	0.027	3F_15_ACSR_2/0_AIRE	0.275	0.011195	0.012073	0.103902	0.01972	0.050268	0.047634
5281	\Usuario Principal.IntUser\Mas X Menos Guarin.IntPrj\Modelo de Red.IntPrjfolder\Datos de Red.IntPrjfolder\Red.ElmNet	Red	1101251	1101277	0.0313	3F_15_ACSR_1/0_AIRE	0.241	0.01637	0.014258	0.117855	0.026211	0.058519	0.054631
5282	\Usuario Principal.IntUser\Mas X Menos Guarin.IntPrj\Modelo de Red.IntPrjfolder\Datos de Red.IntPrjfolder\Red.ElmNet	Red	1101277	3769721	0.0529	3F_15_ACSR_1/0_AIRE	0.241	0.027667	0.024097	0.199186	0.0443	0.098903	0.092332
5283	\Usuario Principal.IntUser\Mas X Menos Guarin.IntPrj\Modelo de Red.IntPrjfolder\Datos de Red.IntPrjfolder\Red.ElmNet	Red	3769721	1101293	0.0685	3F_15_ACSR_1/0_AIRE	0.241	0.035826	0.031203	0.257926	0.057363	0.12807	0.11956
5285	\Usuario Principal.IntUser\Mas X Menos Guarin.IntPrj\Modelo de Red.IntPrjfolder\Datos de Red.IntPrjfolder\Red.ElmNet	Red	1101293	1101307	0.058	3F_15_ACSR_1/0_AIRE	0.241	0.030334	0.02642	0.21839	0.048571	0.108439	0.101233
5287	\Usuario Principal.IntUser\Mas X Menos Guarin.IntPrj\Modelo de Red.IntPrjfolder\Datos de Red.IntPrjfolder\Red.ElmNet	Red	1101307	1101315	0.0666	3F_15_ACSR_1/0_AIRE	0.241	0.034832	0.030338	0.250771	0.055772	0.124517	0.116244
5288	\Usuario Principal.IntUser\Mas X Menos Guarin.IntPrj\Modelo de Red.IntPrjfolder\Datos de Red.IntPrjfolder\Red.ElmNet	Red	1101315	1101323	0.0583	3F_15_ACSR_1/0_AIRE	0.241	0.030491	0.026557	0.219519	0.048822	0.108999	0.101757
5289	\Usuario Principal.IntUser\Mas X Menos Guarin.IntPrj\Modelo de Red.IntPrjfolder\Datos de Red.IntPrjfolder\Red.ElmNet	Red	1101323	1101331	0.0532	3F_15_ACSR_1/0_AIRE	0.241	0.027824	0.024234	0.200316	0.044551	0.099464	0.092855
5290	\Usuario Principal.IntUser\Mas X Menos Guarin.IntPrj\Modelo de Red.IntPrjfolder\Datos de Red.IntPrjfolder\Red.ElmNet	Red	1101331	1101340	0.0689	3F_15_ACSR_1/0_AIRE	0.241	0.036035	0.031385	0.259432	0.057698	0.128818	0.120258
5291	\Usuario Principal.IntUser\Mas X Menos Guarin.IntPrj\Modelo de Red.IntPrjfolder\Datos de Red.IntPrjfolder\Red.ElmNet	Red	1101340	1045288	0.0122	3F_15_ACSR_1/0_AIRE	0.241	0.006381	0.005557	0.045937	0.010217	0.022809	0.021294
5292	\Usuario Principal.IntUser\Mas X Menos Guarin.IntPrj\Modelo de Red.IntPrjfolder\Datos de Red.IntPrjfolder\Red.ElmNet	Red	1045288	1101358	0.0368	3F_15_ACSR_1/0_AIRE	0.241	0.019247	0.016763	0.138564	0.030817	0.068802	0.064231
5294	\Usuario Principal.IntUser\Mas X Menos Guarin.IntPrj\Modelo de Red.IntPrjfolder\Datos de Red.IntPrjfolder\Red.ElmNet	Red	1101358	1101374	0.0736	3F_15_ACSR_1/0_AIRE	0.241	0.038493	0.033526	0.277129	0.061634	0.137605	0.128461
5295	\Usuario Principal.IntUser\Mas X Menos Guarin.IntPrj\Modelo de Red.IntPrjfolder\Datos de Red.IntPrjfolder\Red.ElmNet	Red	1101374	1101382	0.0557	3F_15_ACSR_1/0_AIRE	0.241	0.029131	0.025373	0.209729	0.046644	0.104138	0.097219
5296	\Usuario Principal.IntUser\Mas X Menos Guarin.IntPrj\Modelo de Red.IntPrjfolder\Datos de Red.IntPrjfolder\Red.ElmNet	Red	1101382	1101391	0.0513	3F_15_ACSR_1/0_AIRE	0.241	0.02683	0.023368	0.193162	0.04296	0.095912	0.089539
5297	\Usuario Principal.IntUser\Mas X Menos Guarin.IntPrj\Modelo de Red.IntPrjfolder\Datos de Red.IntPrjfolder\Red.ElmNet	Red	1101404	1101412	0.0539	3F_15_ACSR_1/0_AIRE	0.241	0.02819	0.024553	0.202952	0.045137	0.100773	0.094077
5298	\Usuario Principal.IntUser\Mas X Menos Guarin.IntPrj\Modelo de Red.IntPrjfolder\Datos de Red.IntPrjfolder\Red.ElmNet	Red	1101412	1101421	0.0506	3F_15_ACSR_1/0_AIRE	0.241	0.026464	0.023049	0.190526	0.042374	0.094603	0.088317
5300	\Usuario Principal.IntUser\Mas X Menos Guarin.IntPrj\Modelo de Red.IntPrjfolder\Datos de Red.IntPrjfolder\Red.ElmNet	Red	1101421	1101447	0.0397	3F_15_ACSR_1/0_AIRE	0.241	0.020763	0.018084	0.149484	0.033246	0.074224	0.069292
5304	\Usuario Principal.IntUser\Mas X Menos Guarin.IntPrj\Modelo de Red.IntPrjfolder\Datos de Red.IntPrjfolder\Red.ElmNet	Red	1101480	1065971	0.0426	3F_15_ACSR_1/0_AIRE	0.241	0.02228	0.019405	0.160403	0.035674	0.079646	0.074354
5373	\Usuario Principal.IntUser\Mas X Menos Guarin.IntPrj\Modelo de Red.IntPrjfolder\Datos de Red.IntPrjfolder\Red.ElmNet	Red	1101391	1101404	0.0851	3F_15_ACSR_1/0_AIRE	0.241	0.044508	0.038765	0.32043	0.071265	0.159106	0.148533
9137	\Usuario Principal.IntUser\Mas X Menos Guarin.IntPrj\Modelo de Red.IntPrjfolder\Datos de Red.IntPrjfolder\Red.ElmNet	Red	1154141	1067028	0.012	3F_15_CU_2_XLPE	0.155	0.007885	0.005113	0	0.013154	0.004907	0
9138	\Usuario Principal.IntUser\Mas X Menos Guarin.IntPrj\Modelo de Red.IntPrjfolder\Datos de Red.IntPrjfolder\Red.ElmNet	Red	1154150	1154141	0.021	3F_15_CU_2_XLPE	0.155	0.013799	0.008948	0	0.023019	0.008587	0
9139	\Usuario Principal.IntUser\Mas X Menos Guarin.IntPrj\Modelo de Red.IntPrjfolder\Datos de Red.IntPrjfolder\Red.ElmNet	Red	1154150	1154133	0.043	3F_15_CU_2_XLPE	0.155	0.028255	0.018323	0	0.047133	0.017582	0
9140	\Usuario Principal.IntUser\Mas X Menos Guarin.IntPrj\Modelo de Red.IntPrjfolder\Datos de Red.IntPrjfolder\Red.ElmNet	Red	1154133	1154303	0.0083	3F_15_CU_2_XLPE	0.155	0.005454	0.003537	0	0.009098	0.003394	0
9141	\Usuario Principal.IntUser\Mas X Menos Guarin.IntPrj\Modelo de Red.IntPrjfolder\Datos de Red.IntPrjfolder\Red.ElmNet	Red	1154141	1067028	0.012	3F_15_CU_2_XLPE	0.155	0.007885	0.005113	0	0.013154	0.004907	0
9142	\Usuario Principal.IntUser\Mas X Menos Guarin.IntPrj\Modelo de Red.IntPrjfolder\Datos de Red.IntPrjfolder\Red.ElmNet	Red	1154150	1154141	0.021	3F_15_CU_2_XLPE	0.155	0.013799	0.008948	0	0.023019	0.008587	0
9143	\Usuario Principal.IntUser\Mas X Menos Guarin.IntPrj\Modelo de Red.IntPrjfolder\Datos de Red.IntPrjfolder\Red.ElmNet	Red	1154176	1154150	0.0089	3F_15_CU_2_XLPE	0.155	0.005848	0.003792	0	0.009756	0.003639	0
9253	\Usuario Principal.IntUser\Mas X Menos Guarin.IntPrj\Modelo de Red.IntPrjfolder\Datos de Red.IntPrjfolder\Red.ElmNet	Red	1154079	1067010	0.012	3F_15_CU_2_XLPE	0.155	0.007885	0.005113	0	0.013154	0.004907	0
9254	\Usuario Principal.IntUser\Mas X Menos Guarin.IntPrj\Modelo de Red.IntPrjfolder\Datos de Red.IntPrjfolder\Red.ElmNet	Red	1154079	1154125	0.0356	3F_15_CU_2_XLPE	0.155	0.023393	0.01517	0	0.039022	0.014557	0
9256	\Usuario Principal.IntUser\Mas X Menos Guarin.IntPrj\Modelo de Red.IntPrjfolder\Datos de Red.IntPrjfolder\Red.ElmNet	Red	1154125	1154117	0.0127	3F_15_CU_2_XLPE	0.155	0.008345	0.005412	0	0.013921	0.005193	0
9257	\Usuario Principal.IntUser\Mas X Menos Guarin.IntPrj\Modelo de Red.IntPrjfolder\Datos de Red.IntPrjfolder\Red.ElmNet	Red	1154117	1154109	0.0206	3F_15_CU_2_XLPE	0.155	0.013536	0.008778	0	0.02258	0.008423	0
9258	\Usuario Principal.IntUser\Mas X Menos Guarin.IntPrj\Modelo de Red.IntPrjfolder\Datos de Red.IntPrjfolder\Red.ElmNet	Red	1154109	1154087	0.008	3F_15_CU_2_XLPE	0.155	0.005257	0.003409	0	0.008769	0.003271	0
9264	\Usuario Principal.IntUser\Mas X Menos Guarin.IntPrj\Modelo de Red.IntPrjfolder\Datos de Red.IntPrjfolder\Red.ElmNet	Red	1154206	1067036	0.012	3F_15_CU_2_XLPE	0.155	0.007885	0.005113	0	0.013154	0.004907	0
9265	\Usuario Principal.IntUser\Mas X Menos Guarin.IntPrj\Modelo de Red.IntPrjfolder\Datos de Red.IntPrjfolder\Red.ElmNet	Red	1154206	1154192	0.0216	3F_15_CU_2_XLPE	0.155	0.014193	0.009204	0	0.023676	0.008832	0
9266	\Usuario Principal.IntUser\Mas X Menos Guarin.IntPrj\Modelo de Red.IntPrjfolder\Datos de Red.IntPrjfolder\Red.ElmNet	Red	1154192	1154222	0.0128	3F_15_CU_2_XLPE	0.155	0.008411	0.005454	0	0.01403	0.005234	0
9267	\Usuario Principal.IntUser\Mas X Menos Guarin.IntPrj\Modelo de Red.IntPrjfolder\Datos de Red.IntPrjfolder\Red.ElmNet	Red	1154222	1154231	0.0635	3F_15_CU_2_XLPE	0.155	0.041726	0.027058	0	0.069604	0.025965	0
9268	\Usuario Principal.IntUser\Mas X Menos Guarin.IntPrj\Modelo de Red.IntPrjfolder\Datos de Red.IntPrjfolder\Red.ElmNet	Red	1154231	1154435	0.0024	3F_15_CU_2_XLPE	0.155	0.001577	0.001023	0	0.002631	0.000981	0
9274	\Usuario Principal.IntUser\Mas X Menos Guarin.IntPrj\Modelo de Red.IntPrjfolder\Datos de Red.IntPrjfolder\Red.ElmNet	Red	1067141	1154249	0.012	3F_15_CU_2_XLPE	0.155	0.007885	0.005113	0	0.013154	0.004907	0
9275	\Usuario Principal.IntUser\Mas X Menos Guarin.IntPrj\Modelo de Red.IntPrjfolder\Datos de Red.IntPrjfolder\Red.ElmNet	Red	1154249	1154257	0.0039	3F_15_CU_2_XLPE	0.155	0.002563	0.001662	0	0.004275	0.001595	0
9276	\Usuario Principal.IntUser\Mas X Menos Guarin.IntPrj\Modelo de Red.IntPrjfolder\Datos de Red.IntPrjfolder\Red.ElmNet	Red	1154257	1154273	0.0166	3F_15_CU_2_XLPE	0.155	0.010908	0.007073	0	0.018196	0.006788	0
9277	\Usuario Principal.IntUser\Mas X Menos Guarin.IntPrj\Modelo de Red.IntPrjfolder\Datos de Red.IntPrjfolder\Red.ElmNet	Red	1154273	1154290	0.01	3F_15_CU_2_XLPE	0.155	0.006571	0.004261	0	0.010961	0.004089	0
9299	\Usuario Principal.IntUser\Mas X Menos Guarin.IntPrj\Modelo de Red.IntPrjfolder\Datos de Red.IntPrjfolder\Red.ElmNet	Red	1067109	1102958	0.012	3F_15_CU_2_XLPE	0.155	0.007885	0.005113	0	0.013154	0.004907	0
9300	\Usuario Principal.IntUser\Mas X Menos Guarin.IntPrj\Modelo de Red.IntPrjfolder\Datos de Red.IntPrjfolder\Red.ElmNet	Red	1102958	1102974	0.014	3F_15_CU_2_XLPE	0.155	0.009199	0.005966	0	0.015346	0.005725	0
9301	\Usuario Principal.IntUser\Mas X Menos Guarin.IntPrj\Modelo de Red.IntPrjfolder\Datos de Red.IntPrjfolder\Red.ElmNet	Red	1102974	1154508	0.0697	3F_15_CU_2_XLPE	0.155	0.0458	0.0297	0	0.0764	0.0285	0
9302	\Usuario Principal.IntUser\Mas X Menos Guarin.IntPrj\Modelo de Red.IntPrjfolder\Datos de Red.IntPrjfolder\Red.ElmNet	Red	1154508	1102982	0.0075	3F_15_CU_2_XLPE	0.155	0.004928	0.003196	0	0.008221	0.003067	0
9320	\Usuario Principal.IntUser\Mas X Menos Guarin.IntPrj\Modelo de Red.IntPrjfolder\Datos de Red.IntPrjfolder\Red.ElmNet	Red	1067125	1154443	0.012	3F_15_CU_2_XLPE	0.155	0.007885	0.005113	0	0.013154	0.004907	0
9321	\Usuario Principal.IntUser\Mas X Menos Guarin.IntPrj\Modelo de Red.IntPrjfolder\Datos de Red.IntPrjfolder\Red.ElmNet	Red	1154443	1154451	0.0128	3F_15_CU_2_XLPE	0.155	0.008411	0.005454	0	0.01403	0.005234	0
9322	\Usuario Principal.IntUser\Mas X Menos Guarin.IntPrj\Modelo de Red.IntPrjfolder\Datos de Red.IntPrjfolder\Red.ElmNet	Red	1154451	1154478	0.0184	3F_15_CU_2_XLPE	0.155	0.012091	0.00784	0	0.020169	0.007524	0
9323	\Usuario Principal.IntUser\Mas X Menos Guarin.IntPrj\Modelo de Red.IntPrjfolder\Datos de Red.IntPrjfolder\Red.ElmNet	Red	1154478	1154494	0.0243	3F_15_CU_2_XLPE	0.155	0.015968	0.010354	0	0.026636	0.009936	0
9341	\Usuario Principal.IntUser\Mas X Menos Guarin.IntPrj\Modelo de Red.IntPrjfolder\Datos de Red.IntPrjfolder\Red.ElmNet	Red	1154575	1067184	0.012	3F_15_CU_2_XLPE	0.155	0.007885	0.005113	0	0.013154	0.004907	0
9342	\Usuario Principal.IntUser\Mas X Menos Guarin.IntPrj\Modelo de Red.IntPrjfolder\Datos de Red.IntPrjfolder\Red.ElmNet	Red	1154575	1067184	0.012	3F_15_CU_2_XLPE	0.155	0.007885	0.005113	0	0.013154	0.004907	0
9344	\Usuario Principal.IntUser\Mas X Menos Guarin.IntPrj\Modelo de Red.IntPrjfolder\Datos de Red.IntPrjfolder\Red.ElmNet	Red	1154575	1154583	0.0186	3F_15_CU_2_XLPE	0.155	0.012222	0.007926	0	0.020388	0.007605	0
9345	\Usuario Principal.IntUser\Mas X Menos Guarin.IntPrj\Modelo de Red.IntPrjfolder\Datos de Red.IntPrjfolder\Red.ElmNet	Red	1154583	1154591	0.0221	3F_15_CU_2_XLPE	0.155	0.014522	0.009417	0	0.024224	0.009037	0
9351	\Usuario Principal.IntUser\Mas X Menos Guarin.IntPrj\Modelo de Red.IntPrjfolder\Datos de Red.IntPrjfolder\Red.ElmNet	Red	1154583	1103211	0.0212	3F_15_CU_2_XLPE	0.155	0.013931	0.009034	0	0.023238	0.008669	0
9352	\Usuario Principal.IntUser\Mas X Menos Guarin.IntPrj\Modelo de Red.IntPrjfolder\Datos de Red.IntPrjfolder\Red.ElmNet	Red	1103211	1103229	0.0162	3F_15_CU_2_XLPE	0.155	0.010645	0.006903	0	0.017757	0.006624	0
9783	\Usuario Principal.IntUser\Mas X Menos Guarin.IntPrj\Modelo de Red.IntPrjfolder\Datos de Red.IntPrjfolder\Red.ElmNet	Red	1067117	1154346	0.012	3F_15_CU_2_XLPE	0.155	0.007885	0.005113	0	0.013154	0.004907	0
9784	\Usuario Principal.IntUser\Mas X Menos Guarin.IntPrj\Modelo de Red.IntPrjfolder\Datos de Red.IntPrjfolder\Red.ElmNet	Red	1154346	1154354	0.0102	3F_15_CU_2_XLPE	0.155	0.006702	0.004346	0	0.01118	0.004171	0
9785	\Usuario Principal.IntUser\Mas X Menos Guarin.IntPrj\Modelo de Red.IntPrjfolder\Datos de Red.IntPrjfolder\Red.ElmNet	Red	1154354	1154311	0.023	3F_15_CU_2_XLPE	0.155	0.015113	0.009801	0	0.025211	0.009405	0
9811	\Usuario Principal.IntUser\Mas X Menos Guarin.IntPrj\Modelo de Red.IntPrjfolder\Datos de Red.IntPrjfolder\Red.ElmNet	Red	1067133	1103296	0.012	3F_15_CU_2_XLPE	0.155	0.007885	0.005113	0	0.013154	0.004907	0
9822	\Usuario Principal.IntUser\Mas X Menos Guarin.IntPrj\Modelo de Red.IntPrjfolder\Datos de Red.IntPrjfolder\Red.ElmNet	Red	1103296	1103300	0.009	3F_15_CU_2_XLPE	0.155	0.005914	0.003835	0	0.009865	0.00368	0
9823	\Usuario Principal.IntUser\Mas X Menos Guarin.IntPrj\Modelo de Red.IntPrjfolder\Datos de Red.IntPrjfolder\Red.ElmNet	Red	1103300	1103326	0.016	3F_15_CU_2_XLPE	0.155	0.010514	0.006818	0	0.017538	0.006542	0
9824	\Usuario Principal.IntUser\Mas X Menos Guarin.IntPrj\Modelo de Red.IntPrjfolder\Datos de Red.IntPrjfolder\Red.ElmNet	Red	1103326	1103318	0.0007	3F_15_CU_2_XLPE	0.155	0.00046	0.000298	0	0.000767	0.000286	0
9839	\Usuario Principal.IntUser\Mas X Menos Guarin.IntPrj\Modelo de Red.IntPrjfolder\Datos de Red.IntPrjfolder\Red.ElmNet	Red	1154389	1067176	0.012	3F_15_CU_2_XLPE	0.155	0.007885	0.005113	0	0.013154	0.004907	0
9840	\Usuario Principal.IntUser\Mas X Menos Guarin.IntPrj\Modelo de Red.IntPrjfolder\Datos de Red.IntPrjfolder\Red.ElmNet	Red	1154371	1067176	0.012	3F_15_CU_2_XLPE	0.155	0.007885	0.005113	0	0.013154	0.004907	0
9841	\Usuario Principal.IntUser\Mas X Menos Guarin.IntPrj\Modelo de Red.IntPrjfolder\Datos de Red.IntPrjfolder\Red.ElmNet	Red	1154397	1154389	0.0343	3F_15_CU_2_XLPE	0.155	0.022539	0.014616	0	0.037597	0.014025	0
9842	\Usuario Principal.IntUser\Mas X Menos Guarin.IntPrj\Modelo de Red.IntPrjfolder\Datos de Red.IntPrjfolder\Red.ElmNet	Red	1154371	1154397	0.0331	3F_15_CU_2_XLPE	0.155	0.02175	0.014104	0	0.036282	0.013534	0
9843	\Usuario Principal.IntUser\Mas X Menos Guarin.IntPrj\Modelo de Red.IntPrjfolder\Datos de Red.IntPrjfolder\Red.ElmNet	Red	1154397	1154401	0.0478	3F_15_CU_2_XLPE	0.155	0.031409	0.020368	0	0.052395	0.019545	0
9844	\Usuario Principal.IntUser\Mas X Menos Guarin.IntPrj\Modelo de Red.IntPrjfolder\Datos de Red.IntPrjfolder\Red.ElmNet	Red	1154397	1154214	0.0754	3F_15_CU_2_XLPE	0.155	0.049545	0.032129	0	0.082648	0.030831	0
9944	\Usuario Principal.IntUser\Mas X Menos Guarin.IntPrj\Modelo de Red.IntPrjfolder\Datos de Red.IntPrjfolder\Red.ElmNet	Red	1067184	1154524	0.012	3F_15_CU_2_XLPE	0.155	0.007885	0.005113	0	0.013154	0.004907	0
9945	\Usuario Principal.IntUser\Mas X Menos Guarin.IntPrj\Modelo de Red.IntPrjfolder\Datos de Red.IntPrjfolder\Red.ElmNet	Red	1154524	1154532	0.0322	3F_15_CU_2_XLPE	0.155	0.021159	0.013721	0	0.035295	0.013166	0
9946	\Usuario Principal.IntUser\Mas X Menos Guarin.IntPrj\Modelo de Red.IntPrjfolder\Datos de Red.IntPrjfolder\Red.ElmNet	Red	1154532	1154541	0.0187	3F_15_CU_2_XLPE	0.155	0.012288	0.007968	0	0.020498	0.007646	0
9949	\Usuario Principal.IntUser\Mas X Menos Guarin.IntPrj\Modelo de Red.IntPrjfolder\Datos de Red.IntPrjfolder\Red.ElmNet	Red	1067192	1103245	0.012	3F_15_CU_2_XLPE	0.155	0.007885	0.005113	0	0.013154	0.004907	0
9950	\Usuario Principal.IntUser\Mas X Menos Guarin.IntPrj\Modelo de Red.IntPrjfolder\Datos de Red.IntPrjfolder\Red.ElmNet	Red	1103245	1103253	0.0313	3F_15_CU_2_XLPE	0.155	0.020567	0.013337	0	0.034309	0.012798	0
9966	\Usuario Principal.IntUser\Mas X Menos Guarin.IntPrj\Modelo de Red.IntPrjfolder\Datos de Red.IntPrjfolder\Red.ElmNet	Red	1067192	1103351	0.012	3F_15_CU_2_XLPE	0.155	0.007885	0.005113	0	0.013154	0.004907	0
9967	\Usuario Principal.IntUser\Mas X Menos Guarin.IntPrj\Modelo de Red.IntPrjfolder\Datos de Red.IntPrjfolder\Red.ElmNet	Red	1103351	1103385	0.0226	3F_15_CU_2_XLPE	0.155	0.01485	0.00963	0	0.024772	0.009241	0
9989	\Usuario Principal.IntUser\Mas X Menos Guarin.IntPrj\Modelo de Red.IntPrjfolder\Datos de Red.IntPrjfolder\Red.ElmNet	Red	1103393	1067206	0.012	3F_15_CU_2_XLPE	0.155	0.007885	0.005113	0	0.013154	0.004907	0
9990	\Usuario Principal.IntUser\Mas X Menos Guarin.IntPrj\Modelo de Red.IntPrjfolder\Datos de Red.IntPrjfolder\Red.ElmNet	Red	1103393	1667262	0.025	3F_15_CU_2_XLPE	0.155	0.016428	0.010653	0	0.027403	0.010222	0
9991	\Usuario Principal.IntUser\Mas X Menos Guarin.IntPrj\Modelo de Red.IntPrjfolder\Datos de Red.IntPrjfolder\Red.ElmNet	Red	1667262	1103407	0.0035	3F_15_CU_2_XLPE	0.155	0.0023	0.001491	0	0.003836	0.001431	0
10833	\Usuario Principal.IntUser\Mas X Menos Guarin.IntPrj\Modelo de Red.IntPrjfolder\Datos de Red.IntPrjfolder\Red.ElmNet	Red	1101293	1155245	0.012	3F_15_CU_2_XLPE	0.155	0.007885	0.005113	0	0.013154	0.004907	0
10834	\Usuario Principal.IntUser\Mas X Menos Guarin.IntPrj\Modelo de Red.IntPrjfolder\Datos de Red.IntPrjfolder\Red.ElmNet	Red	1155245	1155270	0.02	3F_15_CU_2_XLPE	0.155	0.013142	0.008522	0	0.021923	0.008178	0
10835	\Usuario Principal.IntUser\Mas X Menos Guarin.IntPrj\Modelo de Red.IntPrjfolder\Datos de Red.IntPrjfolder\Red.ElmNet	Red	1155270	1155253	0.0214	3F_15_CU_2_XLPE	0.155	0.014062	0.009119	0	0.023457	0.00875	0
10836	\Usuario Principal.IntUser\Mas X Menos Guarin.IntPrj\Modelo de Red.IntPrjfolder\Datos de Red.IntPrjfolder\Red.ElmNet	Red	1155253	1155911	0.0062	3F_15_CU_2_XLPE	0.155	0.004074	0.002642	0	0.006796	0.002535	0
10941	\Usuario Principal.IntUser\Mas X Menos Guarin.IntPrj\Modelo de Red.IntPrjfolder\Datos de Red.IntPrjfolder\Red.ElmNet	Red	1155334	1101315	0.012	3F_15_CU_2_XLPE	0.155	0.007885	0.005113	0	0.013154	0.004907	0
10942	\Usuario Principal.IntUser\Mas X Menos Guarin.IntPrj\Modelo de Red.IntPrjfolder\Datos de Red.IntPrjfolder\Red.ElmNet	Red	1155334	1155342	0.0199	3F_15_CU_2_XLPE	0.155	0.013076	0.00848	0	0.021813	0.008137	0
10943	\Usuario Principal.IntUser\Mas X Menos Guarin.IntPrj\Modelo de Red.IntPrjfolder\Datos de Red.IntPrjfolder\Red.ElmNet	Red	1155342	1155351	0.0139	3F_15_CU_2_XLPE	0.155	0.009134	0.005923	0	0.015236	0.005684	0
10944	\Usuario Principal.IntUser\Mas X Menos Guarin.IntPrj\Modelo de Red.IntPrjfolder\Datos de Red.IntPrjfolder\Red.ElmNet	Red	1155351	1155377	0.0224	3F_15_CU_2_XLPE	0.155	0.014719	0.009545	0	0.024553	0.009159	0
10945	\Usuario Principal.IntUser\Mas X Menos Guarin.IntPrj\Modelo de Red.IntPrjfolder\Datos de Red.IntPrjfolder\Red.ElmNet	Red	1155377	1155679	0.0081	3F_15_CU_2_XLPE	0.155	0.005323	0.003451	0	0.008879	0.003312	0
10978	\Usuario Principal.IntUser\Mas X Menos Guarin.IntPrj\Modelo de Red.IntPrjfolder\Datos de Red.IntPrjfolder\Red.ElmNet	Red	1155334	1101315	0.012	3F_15_CU_2_XLPE	0.155	0.007885	0.005113	0	0.013154	0.004907	0
10979	\Usuario Principal.IntUser\Mas X Menos Guarin.IntPrj\Modelo de Red.IntPrjfolder\Datos de Red.IntPrjfolder\Red.ElmNet	Red	1155334	1157019	0.0143	3F_15_CU_2_XLPE	0.155	0.009397	0.006093	0	0.015675	0.005847	0
11284	\Usuario Principal.IntUser\Mas X Menos Guarin.IntPrj\Modelo de Red.IntPrjfolder\Datos de Red.IntPrjfolder\Red.ElmNet	Red	1101421	1155741	0.012	3F_15_CU_2_XLPE	0.155	0.007885	0.005113	0	0.013154	0.004907	0
11285	\Usuario Principal.IntUser\Mas X Menos Guarin.IntPrj\Modelo de Red.IntPrjfolder\Datos de Red.IntPrjfolder\Red.ElmNet	Red	1155741	1155750	0.026	3F_15_CU_2_XLPE	0.155	0.017085	0.011079	0	0.028499	0.010631	0
11286	\Usuario Principal.IntUser\Mas X Menos Guarin.IntPrj\Modelo de Red.IntPrjfolder\Datos de Red.IntPrjfolder\Red.ElmNet	Red	1155750	1155776	0.0044	3F_15_CU_2_XLPE	0.155	0.002891	0.001875	0	0.004823	0.001799	0
11287	\Usuario Principal.IntUser\Mas X Menos Guarin.IntPrj\Modelo de Red.IntPrjfolder\Datos de Red.IntPrjfolder\Red.ElmNet	Red	1101421	1155741	0.012	3F_15_CU_2_XLPE	0.155	0.007885	0.005113	0	0.013154	0.004907	0
11288	\Usuario Principal.IntUser\Mas X Menos Guarin.IntPrj\Modelo de Red.IntPrjfolder\Datos de Red.IntPrjfolder\Red.ElmNet	Red	1155792	1155741	0.0191	3F_15_CU_2_XLPE	0.155	0.012551	0.008139	0	0.020936	0.00781	0
11289	\Usuario Principal.IntUser\Mas X Menos Guarin.IntPrj\Modelo de Red.IntPrjfolder\Datos de Red.IntPrjfolder\Red.ElmNet	Red	1155792	1155806	0.0352	3F_15_CU_2_XLPE	0.155	0.02313	0.014999	0	0.038584	0.014393	0
11290	\Usuario Principal.IntUser\Mas X Menos Guarin.IntPrj\Modelo de Red.IntPrjfolder\Datos de Red.IntPrjfolder\Red.ElmNet	Red	1155806	1155822	0.0081	3F_15_CU_2_XLPE	0.155	0.005323	0.003451	0	0.008879	0.003312	0
11342	\Usuario Principal.IntUser\Mas X Menos Guarin.IntPrj\Modelo de Red.IntPrjfolder\Datos de Red.IntPrjfolder\Red.ElmNet	Red	1155849	1101404	0.012	3F_15_CU_2_XLPE	0.155	0.007885	0.005113	0	0.013154	0.004907	0
11343	\Usuario Principal.IntUser\Mas X Menos Guarin.IntPrj\Modelo de Red.IntPrjfolder\Datos de Red.IntPrjfolder\Red.ElmNet	Red	1155849	1155857	0.0221	3F_15_CU_2_XLPE	0.155	0.014522	0.009417	0	0.024224	0.009037	0
11344	\Usuario Principal.IntUser\Mas X Menos Guarin.IntPrj\Modelo de Red.IntPrjfolder\Datos de Red.IntPrjfolder\Red.ElmNet	Red	1155857	1155881	0.0077	3F_15_CU_2_XLPE	0.155	0.00506	0.003281	0	0.00844	0.003148	0
11381	\Usuario Principal.IntUser\Mas X Menos Guarin.IntPrj\Modelo de Red.IntPrjfolder\Datos de Red.IntPrjfolder\Red.ElmNet	Red	1155938	1101340	0.012	3F_15_CU_2_XLPE	0.155	0.007885	0.005113	0	0.013154	0.004907	0
11382	\Usuario Principal.IntUser\Mas X Menos Guarin.IntPrj\Modelo de Red.IntPrjfolder\Datos de Red.IntPrjfolder\Red.ElmNet	Red	1155938	1155946	0.0316	3F_15_CU_2_XLPE	0.155	0.020764	0.013465	0	0.034638	0.012921	0
11383	\Usuario Principal.IntUser\Mas X Menos Guarin.IntPrj\Modelo de Red.IntPrjfolder\Datos de Red.IntPrjfolder\Red.ElmNet	Red	1155652	1101340	0.012	3F_15_CU_2_XLPE	0.155	0.007885	0.005113	0	0.013154	0.004907	0
11384	\Usuario Principal.IntUser\Mas X Menos Guarin.IntPrj\Modelo de Red.IntPrjfolder\Datos de Red.IntPrjfolder\Red.ElmNet	Red	1155652	1155971	0.0117	3F_15_CU_2_XLPE	0.155	0.007688	0.004985	0	0.012825	0.004784	0
11385	\Usuario Principal.IntUser\Mas X Menos Guarin.IntPrj\Modelo de Red.IntPrjfolder\Datos de Red.IntPrjfolder\Red.ElmNet	Red	1155971	1155997	0.0039	3F_15_CU_2_XLPE	0.155	0.002563	0.001662	0	0.004275	0.001595	0
15348	\Usuario Principal.IntUser\Mas X Menos Guarin.IntPrj\Modelo de Red.IntPrjfolder\Datos de Red.IntPrjfolder\Red.ElmNet	Red	1067214	1667238	0.012	3F_15_CU_2_XLPE	0.155	0.007885	0.005113	0	0.013154	0.004907	0
15349	\Usuario Principal.IntUser\Mas X Menos Guarin.IntPrj\Modelo de Red.IntPrjfolder\Datos de Red.IntPrjfolder\Red.ElmNet	Red	1667238	1103725	0.0256	3F_15_CU_350_XLPE	0.39	0.0037	0.0034	0	0.0052	0.0085	0
15350	\Usuario Principal.IntUser\Mas X Menos Guarin.IntPrj\Modelo de Red.IntPrjfolder\Datos de Red.IntPrjfolder\Red.ElmNet	Red	1103725	1154605	0.0193	3F_15_CU_2_XLPE	0.155	0.012682	0.008224	0	0.021155	0.007892	0
15351	\Usuario Principal.IntUser\Mas X Menos Guarin.IntPrj\Modelo de Red.IntPrjfolder\Datos de Red.IntPrjfolder\Red.ElmNet	Red	1154605	1154613	0.005	3F_15_CU_2_XLPE	0.155	0.003286	0.002131	0	0.005481	0.002044	0
21781	\Usuario Principal.IntUser\Mas X Menos Guarin.IntPrj\Modelo de Red.IntPrjfolder\Datos de Red.IntPrjfolder\Red.ElmNet	Red	1101307	2214130	0.012	3F_15_CU_1/0_XLPE	0.2	0.005025	0.001951	0	0.00798	0.004906	0
21782	\Usuario Principal.IntUser\Mas X Menos Guarin.IntPrj\Modelo de Red.IntPrjfolder\Datos de Red.IntPrjfolder\Red.ElmNet	Red	2214130	2214148	0.0203	3F_15_CU_1/0_XLPE	0.2	0.0085	0.0033	0	0.0135	0.0083	0
21783	\Usuario Principal.IntUser\Mas X Menos Guarin.IntPrj\Modelo de Red.IntPrjfolder\Datos de Red.IntPrjfolder\Red.ElmNet	Red	2214148	2214156	0.0078	3F_15_CU_1/0_XLPE	0.2	0.003266	0.001268	0	0.005187	0.003189	0
26711	\Usuario Principal.IntUser\Mas X Menos Guarin.IntPrj\Modelo de Red.IntPrjfolder\Datos de Red.IntPrjfolder\Red.ElmNet	Red	1155270	1155253	0.0214	3F_15_CU_2_XLPE	0.155	0.014062	0.009119	0	0.023457	0.00875	0
26712	\Usuario Principal.IntUser\Mas X Menos Guarin.IntPrj\Modelo de Red.IntPrjfolder\Datos de Red.IntPrjfolder\Red.ElmNet	Red	1155253	2567814	0.0054	3F_15_CU_2_XLPE	0.155	0.003548	0.002301	0	0.005919	0.002208	0
26713	\Usuario Principal.IntUser\Mas X Menos Guarin.IntPrj\Modelo de Red.IntPrjfolder\Datos de Red.IntPrjfolder\Red.ElmNet	Red	2567814	2567831	0.0058	3F_15_CU_2_XLPE	0.155	0.003811	0.002471	0	0.006358	0.002372	0
40905	\Usuario Principal.IntUser\Mas X Menos Guarin.IntPrj\Modelo de Red.IntPrjfolder\Datos de Red.IntPrjfolder\Red.ElmNet	Red	1067010	2765811	0.012	3F_15_CU_2_XLPE	0.155	0.007885	0.005113	0	0.013154	0.004907	0
40906	\Usuario Principal.IntUser\Mas X Menos Guarin.IntPrj\Modelo de Red.IntPrjfolder\Datos de Red.IntPrjfolder\Red.ElmNet	Red	2765811	2765829	0.0206	3F_15_CU_2_XLPE	0.155	0.013536	0.008778	0	0.02258	0.008423	0
40907	\Usuario Principal.IntUser\Mas X Menos Guarin.IntPrj\Modelo de Red.IntPrjfolder\Datos de Red.IntPrjfolder\Red.ElmNet	Red	2765829	2765837	0.0024	3F_15_CU_2_XLPE	0.155	0.001577	0.001023	0	0.002631	0.000981	0
47594	\Usuario Principal.IntUser\Mas X Menos Guarin.IntPrj\Modelo de Red.IntPrjfolder\Datos de Red.IntPrjfolder\Red.ElmNet	Red	1101421	1155741	0.012	3F_15_CU_2_XLPE	0.155	0.007885	0.005113	0	0.013154	0.004907	0
47595	\Usuario Principal.IntUser\Mas X Menos Guarin.IntPrj\Modelo de Red.IntPrjfolder\Datos de Red.IntPrjfolder\Red.ElmNet	Red	1155741	1155750	0.026	3F_15_CU_2_XLPE	0.155	0.017085	0.011079	0	0.028499	0.010631	0
47596	\Usuario Principal.IntUser\Mas X Menos Guarin.IntPrj\Modelo de Red.IntPrjfolder\Datos de Red.IntPrjfolder\Red.ElmNet	Red	1155750	2789132	0.0332	3F_15_CU_2_XLPE	0.155	0.021816	0.014147	0	0.036391	0.013575	0
47597	\Usuario Principal.IntUser\Mas X Menos Guarin.IntPrj\Modelo de Red.IntPrjfolder\Datos de Red.IntPrjfolder\Red.ElmNet	Red	2789132	2789141	0.0096	3F_15_CU_2_XLPE	0.155	0.006308	0.004091	0	0.010523	0.003925	0
714206	\Usuario Principal.IntUser\Mas X Menos Guarin.IntPrj\Modelo de Red.IntPrjfolder\Datos de Red.IntPrjfolder\Red.ElmNet	Red	1067087	4249330	0.012	3F_15_CU_2_XLPE	0.155	0.007885	0.005113	0	0.013154	0.004907	0
714207	\Usuario Principal.IntUser\Mas X Menos Guarin.IntPrj\Modelo de Red.IntPrjfolder\Datos de Red.IntPrjfolder\Red.ElmNet	Red	4249330	4249348	0.0085	3F_15_CU_2_XLPE	0.155	0.005585	0.003622	0	0.009317	0.003476	0
714208	\Usuario Principal.IntUser\Mas X Menos Guarin.IntPrj\Modelo de Red.IntPrjfolder\Datos de Red.IntPrjfolder\Red.ElmNet	Red	4249348	4249356	0.0111	3F_15_CU_2_XLPE	0.155	0.007294	0.00473	0	0.012167	0.004539	0
714209	\Usuario Principal.IntUser\Mas X Menos Guarin.IntPrj\Modelo de Red.IntPrjfolder\Datos de Red.IntPrjfolder\Red.ElmNet	Red	4249356	4249372	0.0025	3F_15_CU_2_XLPE	0.155	0.001643	0.001065	0	0.00274	0.001022	0
714525	\Usuario Principal.IntUser\Mas X Menos Guarin.IntPrj\Modelo de Red.IntPrjfolder\Datos de Red.IntPrjfolder\Red.ElmNet	Red	2214148	4938216	0.0133	3F_15_CU_2/0_XLPE	0.23	0.0045	0.0021	0	0.007	0.0053	0
717305	\Usuario Principal.IntUser\Mas X Menos Guarin.IntPrj\Modelo de Red.IntPrjfolder\Datos de Red.IntPrjfolder\Red.ElmNet	Red	1154508	1026682	0.0122	3F_15_CU_2_XLPE	0.155	0.008017	0.005199	0	0.013373	0.004989	0
717306	\Usuario Principal.IntUser\Mas X Menos Guarin.IntPrj\Modelo de Red.IntPrjfolder\Datos de Red.IntPrjfolder\Red.ElmNet	Red	1026682	1026666	0.0063	3F_15_CU_2_XLPE	0.155	0.00414	0.002684	0	0.006906	0.002576	0
720189	\Usuario Principal.IntUser\Mas X Menos Guarin.IntPrj\Modelo de Red.IntPrjfolder\Datos de Red.IntPrjfolder\Red.ElmNet	Red	1067079	5605024	0.012	3F_15_CU_2_XLPE	0.155	0.007885	0.005113	0	0.013154	0.004907	0
720190	\Usuario Principal.IntUser\Mas X Menos Guarin.IntPrj\Modelo de Red.IntPrjfolder\Datos de Red.IntPrjfolder\Red.ElmNet	Red	5605024	5605032	0.0097	3F_15_CU_2_XLPE	0.155	0.006374	0.004133	0	0.010632	0.003966	0
720191	\Usuario Principal.IntUser\Mas X Menos Guarin.IntPrj\Modelo de Red.IntPrjfolder\Datos de Red.IntPrjfolder\Red.ElmNet	Red	5605032	4249330	0.0107	3F_15_CU_2_XLPE	0.155	0.007031	0.004559	0	0.011729	0.004375	0
720192	\Usuario Principal.IntUser\Mas X Menos Guarin.IntPrj\Modelo de Red.IntPrjfolder\Datos de Red.IntPrjfolder\Red.ElmNet	Red	4249330	4249348	0.0085	3F_15_CU_2_XLPE	0.155	0.005585	0.003622	0	0.009317	0.003476	0
720193	\Usuario Principal.IntUser\Mas X Menos Guarin.IntPrj\Modelo de Red.IntPrjfolder\Datos de Red.IntPrjfolder\Red.ElmNet	Red	4249348	1283235	0.0122	3F_15_CU_2_XLPE	0.155	0.008017	0.005199	0	0.013373	0.004989	0
720194	\Usuario Principal.IntUser\Mas X Menos Guarin.IntPrj\Modelo de Red.IntPrjfolder\Datos de Red.IntPrjfolder\Red.ElmNet	Red	1283235	5604524	0.0104	3F_15_CU_2_XLPE	0.155	0.006834	0.004432	0	0.0114	0.004253	0
725649	\Usuario Principal.IntUser\Mas X Menos Guarin.IntPrj\Modelo de Red.IntPrjfolder\Datos de Red.IntPrjfolder\Red.ElmNet	Red	8339694	8338973	0.0023	3F_15_CU_2_XLPE	0.155	0.001511	0.00098	0	0.002521	0.00094	0
725650	\Usuario Principal.IntUser\Mas X Menos Guarin.IntPrj\Modelo de Red.IntPrjfolder\Datos de Red.IntPrjfolder\Red.ElmNet	Red	8339155	8339694	0.0026	3F_15_CU_2_XLPE	0.155	0.001708	0.001108	0	0.00285	0.001063	0
725659	\Usuario Principal.IntUser\Mas X Menos Guarin.IntPrj\Modelo de Red.IntPrjfolder\Datos de Red.IntPrjfolder\Red.ElmNet	Red	8339708	8339155	0.0128	3F_15_CU_2_XLPE	0.155	0.008411	0.005454	0	0.01403	0.005234	0
725660	\Usuario Principal.IntUser\Mas X Menos Guarin.IntPrj\Modelo de Red.IntPrjfolder\Datos de Red.IntPrjfolder\Red.ElmNet	Red	1154508	8339708	0.0116	3F_15_CU_2_XLPE	0.155	0.007622	0.004943	0	0.012715	0.004743	0
741064	\Usuario Principal.IntUser\Mas X Menos Guarin.IntPrj\Modelo de Red.IntPrjfolder\Datos de Red.IntPrjfolder\Red.ElmNet	Red	1155245	1155270	0.02	3F_15_CU_2_XLPE	0.155	0.013142	0.008522	0	0.021923	0.008178	0
764757	\Usuario Principal.IntUser\Mas X Menos Guarin.IntPrj\Modelo de Red.IntPrjfolder\Datos de Red.IntPrjfolder\Red.ElmNet	Red	1067052	9500758	0.012	3F_15_CU_2_XLPE	0.155	0.007885	0.005113	0	0.013154	0.004907	0
764758	\Usuario Principal.IntUser\Mas X Menos Guarin.IntPrj\Modelo de Red.IntPrjfolder\Datos de Red.IntPrjfolder\Red.ElmNet	Red	9500758	9500766	0.021	3F_15_CU_2_XLPE	0.155	0.013799	0.008948	0	0.023019	0.008587	0
764759	\Usuario Principal.IntUser\Mas X Menos Guarin.IntPrj\Modelo de Red.IntPrjfolder\Datos de Red.IntPrjfolder\Red.ElmNet	Red	9500766	9500774	0.0221	3F_15_CU_2_XLPE	0.155	0.014522	0.009417	0	0.024224	0.009037	0
764760	\Usuario Principal.IntUser\Mas X Menos Guarin.IntPrj\Modelo de Red.IntPrjfolder\Datos de Red.IntPrjfolder\Red.ElmNet	Red	9500774	8795266	0.0064	3F_15_CU_2_XLPE	0.155	0.004205	0.002727	0	0.007015	0.002617	0
791042	\Usuario Principal.IntUser\Mas X Menos Guarin.IntPrj\Modelo de Red.IntPrjfolder\Datos de Red.IntPrjfolder\Red.ElmNet	Red	1618750	1101404	0.012	3F_15_CU_2_XLPE	0.155	0.007885	0.005113	0	0.013154	0.004907	0
791043	\Usuario Principal.IntUser\Mas X Menos Guarin.IntPrj\Modelo de Red.IntPrjfolder\Datos de Red.IntPrjfolder\Red.ElmNet	Red	1618750	1618741	0.0029	3F_15_CU_2_XLPE	0.155	0.001906	0.001236	0	0.003179	0.001186	0
791044	\Usuario Principal.IntUser\Mas X Menos Guarin.IntPrj\Modelo de Red.IntPrjfolder\Datos de Red.IntPrjfolder\Red.ElmNet	Red	1618741	1618733	0.0434	3F_15_CU_2_XLPE	0.155	0.028518	0.018493	0	0.047572	0.017746	0
791045	\Usuario Principal.IntUser\Mas X Menos Guarin.IntPrj\Modelo de Red.IntPrjfolder\Datos de Red.IntPrjfolder\Red.ElmNet	Red	1618733	9219013	0.0087	3F_15_CU_2_XLPE	0.155	0.005717	0.003707	0	0.009536	0.003557	0
804306	\Usuario Principal.IntUser\Mas X Menos Guarin.IntPrj\Modelo de Red.IntPrjfolder\Datos de Red.IntPrjfolder\Red.ElmNet	Red	10 502_Term	1067001	0.012	3F_15_CU_350_XLPE	0.39	0.001734	0.001594	0	0.002438	0.003984	0
806799	\Usuario Principal.IntUser\Mas X Menos Guarin.IntPrj\Modelo de Red.IntPrjfolder\Datos de Red.IntPrjfolder\Red.ElmNet	Red	1154290	1154281	0.004	3F_15_CU_2_XLPE	0.155	0.002628	0.001704	0	0.004385	0.001636	0
807671	\Usuario Principal.IntUser\Mas X Menos Guarin.IntPrj\Modelo de Red.IntPrjfolder\Datos de Red.IntPrjfolder\Red.ElmNet	Red	1101455	3272567	0.012	3F_15_CU_2_XLPE	0.155	0.007885	0.005113	0	0.013154	0.004907	0
807672	\Usuario Principal.IntUser\Mas X Menos Guarin.IntPrj\Modelo de Red.IntPrjfolder\Datos de Red.IntPrjfolder\Red.ElmNet	Red	3272567	3272664	0.0183	3F_15_CU_2_XLPE	0.155	0.012025	0.007798	0	0.020059	0.007483	0
807673	\Usuario Principal.IntUser\Mas X Menos Guarin.IntPrj\Modelo de Red.IntPrjfolder\Datos de Red.IntPrjfolder\Red.ElmNet	Red	3272664	3272761	0.0077	3F_15_CU_2_XLPE	0.155	0.00506	0.003281	0	0.00844	0.003148	0
807674	\Usuario Principal.IntUser\Mas X Menos Guarin.IntPrj\Modelo de Red.IntPrjfolder\Datos de Red.IntPrjfolder\Red.ElmNet	Red	3272761	3272869	0.004	3F_15_CU_2_XLPE	0.155	0.002628	0.001704	0	0.004385	0.001636	0
807675	\Usuario Principal.IntUser\Mas X Menos Guarin.IntPrj\Modelo de Red.IntPrjfolder\Datos de Red.IntPrjfolder\Red.ElmNet	Red	3272869	3272966	0.003	3F_15_CU_2_XLPE	0.155	0.001971	0.001278	0	0.003288	0.001227	0
812080	\Usuario Principal.IntUser\Mas X Menos Guarin.IntPrj\Modelo de Red.IntPrjfolder\Datos de Red.IntPrjfolder\Red.ElmNet	Red	1155270	3453561	0.016	3F_15_CU_2_XLPE	0.155	0.010514	0.006818	0	0.017538	0.006542	0
812081	\Usuario Principal.IntUser\Mas X Menos Guarin.IntPrj\Modelo de Red.IntPrjfolder\Datos de Red.IntPrjfolder\Red.ElmNet	Red	3453561	3453464	0.0205	3F_15_CU_2_XLPE	0.155	0.013471	0.008735	0	0.022471	0.008382	0
812082	\Usuario Principal.IntUser\Mas X Menos Guarin.IntPrj\Modelo de Red.IntPrjfolder\Datos de Red.IntPrjfolder\Red.ElmNet	Red	3453464	3453367	0.0086	3F_15_CU_2_XLPE	0.155	0.005651	0.003665	0	0.009427	0.003516	0
812083	\Usuario Principal.IntUser\Mas X Menos Guarin.IntPrj\Modelo de Red.IntPrjfolder\Datos de Red.IntPrjfolder\Red.ElmNet	Red	3453367	3453260	0.0034	3F_15_CU_2_XLPE	0.155	0.002234	0.001449	0	0.003727	0.00139	0
825166	\Usuario Principal.IntUser\Mas X Menos Guarin.IntPrj\Modelo de Red.IntPrjfolder\Datos de Red.IntPrjfolder\Red.ElmNet	Red	1101277	1103431	0.0165	3F_15_CU_2_XLPE	0.155	0.010842	0.007031	0	0.018086	0.006747	0
825167	\Usuario Principal.IntUser\Mas X Menos Guarin.IntPrj\Modelo de Red.IntPrjfolder\Datos de Red.IntPrjfolder\Red.ElmNet	Red	1103431	1103458	0.0299	3F_15_CU_2_XLPE	0.155	0.019647	0.012741	0	0.032774	0.012226	0
828934	\Usuario Principal.IntUser\Mas X Menos Guarin.IntPrj\Modelo de Red.IntPrjfolder\Datos de Red.IntPrjfolder\Red.ElmNet	Red	1101447	1101455	0.0493	3F_15_CU_4_0_XLPE	0.295	0.010945	0.007001	0	0.016516	0.017649	0
828942	\Usuario Principal.IntUser\Mas X Menos Guarin.IntPrj\Modelo de Red.IntPrjfolder\Datos de Red.IntPrjfolder\Red.ElmNet	Red	1101471	1101455	0.0652	3F_15_CU_4_0_XLPE	0.295	0.014474	0.009258	0	0.021842	0.023342	0
828945	\Usuario Principal.IntUser\Mas X Menos Guarin.IntPrj\Modelo de Red.IntPrjfolder\Datos de Red.IntPrjfolder\Red.ElmNet	Red	1101471	1101480	0.0708	3F_15_CU_4_0_XLPE	0.295	0.015718	0.010054	0	0.023718	0.025346	0
828948	\Usuario Principal.IntUser\Mas X Menos Guarin.IntPrj\Modelo de Red.IntPrjfolder\Datos de Red.IntPrjfolder\Red.ElmNet	Red	1101480	2479567	0.0493	3F_15_CU_4_0_XLPE	0.295	0.010945	0.007001	0	0.016516	0.017649	0
830653	\Usuario Principal.IntUser\Mas X Menos Guarin.IntPrj\Modelo de Red.IntPrjfolder\Datos de Red.IntPrjfolder\Red.ElmNet	Red	1101382	4637844	0.0165	3F_15_CU_2_XLPE	0.155	0.010842	0.007031	0	0.018086	0.006747	0
830654	\Usuario Principal.IntUser\Mas X Menos Guarin.IntPrj\Modelo de Red.IntPrjfolder\Datos de Red.IntPrjfolder\Red.ElmNet	Red	4637844	4637852	0.0092	3F_15_CU_2_XLPE	0.155	0.006045	0.00392	0	0.010084	0.003762	0
830655	\Usuario Principal.IntUser\Mas X Menos Guarin.IntPrj\Modelo de Red.IntPrjfolder\Datos de Red.IntPrjfolder\Red.ElmNet	Red	4637852	4637861	0.0205	3F_15_CU_2_XLPE	0.155	0.013471	0.008735	0	0.022471	0.008382	0
830657	\Usuario Principal.IntUser\Mas X Menos Guarin.IntPrj\Modelo de Red.IntPrjfolder\Datos de Red.IntPrjfolder\Red.ElmNet	Red	4637861	4916671A	0.0114	3F_15_CU_2_XLPE	0.155	0.007491	0.004858	0	0.012496	0.004661	0
