hora,estado,terminal,root,u_pu,uknom_kV,clave,cumple,ldf_ok
09:00,SIN_SSFV,1026666,1026666,0.997610,13.800000190734863,0,1,1
09:00,SIN_SSFV,1026682,1026682,0.997611,13.800000190734863,0,1,1
09:00,SIN_SSFV,1045288,1045288,0.995759,13.800000190734863,0,1,1
09:00,SIN_SSFV,1065971,1065971,0.995415,13.800000190734863,1,1,1
09:00,SIN_SSFV,1067001,1067001,0.999983,13.800000190734863,0,1,1
09:00,SIN_SSFV,1067010,1067010,0.998238,13.800000190734863,0,1,1
09:00,SIN_SSFV,1067028,1067028,0.998082,13.800000190734863,0,1,1
09:00,SIN_SSFV,1067036,1067036,0.998051,13.800000190734863,0,1,1
09:00,SIN_SSFV,1067044,1067044,0.997919,13.800000190734863,0,1,1
09:00,SIN_SSFV,1067052,1067052,0.997776,13.800000190734863,0,1,1
09:00,SIN_SSFV,1067079,1067079,0.997770,13.800000190734863,0,1,1
09:00,SIN_SSFV,1067087,1067087,0.997765,13.800000190734863,0,1,1
09:00,SIN_SSFV,1067109,1067109,0.997629,13.800000190734863,0,1,1
09:00,SIN_SSFV,1067117,1067117,0.997439,13.800000190734863,0,1,1
09:00,SIN_SSFV,1067125,1067125,0.997279,13.800000190734863,0,1,1
09:00,SIN_SSFV,1067133,1067133,0.997277,13.800000190734863,0,1,1
09:00,SIN_SSFV,1067141,1067141,0.997152,13.800000190734863,0,1,1
09:00,SIN_SSFV,1067150,1067150,0.996967,13.800000190734863,0,1,1
09:00,SIN_SSFV,1067176,1067176,0.996784,13.800000190734863,0,1,1
09:00,SIN_SSFV,1067184,1067184,0.996704,13.800000190734863,0,1,1
09:00,SIN_SSFV,1067192,1067192,0.996601,13.800000190734863,0,1,1
09:00,SIN_SSFV,1067206,1067206,0.996493,13.800000190734863,0,1,1
09:00,SIN_SSFV,1067214,1067214,0.996386,13.800000190734863,0,1,1
09:00,SIN_SSFV,1069438,1069438,0.999849,13.800000190734863,0,1,1
09:00,SIN_SSFV,1069446,1069446,0.999539,13.800000190734863,0,1,1
09:00,SIN_SSFV,1069454,1069454,0.999461,13.800000190734863,0,1,1
09:00,SIN_SSFV,1069471,1069471,0.999334,13.800000190734863,0,1,1
09:00,SIN_SSFV,1069489,1069489,0.999112,13.800000190734863,0,1,1
09:00,SIN_SSFV,1069497,1069497,0.998921,13.800000190734863,0,1,1
09:00,SIN_SSFV,1069501,1069501,0.998750,13.800000190734863,0,1,1
09:00,SIN_SSFV,1069519,1069519,0.998613,13.800000190734863,0,1,1
09:00,SIN_SSFV,1069527,1069527,0.998563,13.800000190734863,0,1,1
09:00,SIN_SSFV,1069683,1069683,0.998338,13.800000190734863,0,1,1
09:00,SIN_SSFV,1101251,1101251,0.996344,13.800000190734863,0,1,1
09:00,SIN_SSFV,1101277,1101277,0.996287,13.800000190734863,0,1,1
09:00,SIN_SSFV,1101293,1101293,0.996073,13.800000190734863,0,1,1
09:00,SIN_SSFV,1101307,1101307,0.995996,13.800000190734863,0,1,1
09:00,SIN_SSFV,1101315,1101315,0.995923,13.800000190734863,0,1,1
09:00,SIN_SSFV,1101323,1101323,0.995873,13.800000190734863,0,1,1
09:00,SIN_SSFV,1101331,1101331,0.995828,13.800000190734863,0,1,1
09:00,SIN_SSFV,1101340,1101340,0.995768,13.800000190734863,0,1,1
09:00,SIN_SSFV,1101358,1101358,0.995731,13.800000190734863,0,1,1
09:00,SIN_SSFV,1101374,1101374,0.995676,13.800000190734863,0,1,1
09:00,SIN_SSFV,1101382,1101382,0.995634,13.800000190734863,0,1,1
09:00,SIN_SSFV,1101391,1101391,0.995595,13.800000190734863,0,1,1
09:00,SIN_SSFV,1101404,1101404,0.995530,13.800000190734863,0,1,1
09:00,SIN_SSFV,1101412,1101412,0.995495,13.800000190734863,0,1,1
09:00,SIN_SSFV,1101421,1101421,0.995462,13.800000190734863,0,1,1
09:00,SIN_SSFV,1101447,1101447,0.995443,13.800000190734863,0,1,1
09:00,SIN_SSFV,1101455,1101455,0.995420,13.800000190734863,0,1,1
09:00,SIN_SSFV,1101471,1101471,0.995415,13.800000190734863,0,1,1
09:00,SIN_SSFV,1101480,1101480,0.995415,13.800000190734863,0,1,1
09:00,SIN_SSFV,1102958,1102958,0.997627,13.800000190734863,0,1,1
09:00,SIN_SSFV,1102974,1102974,0.997625,13.800000190734863,0,1,1
09:00,SIN_SSFV,1102982,1102982,0.997611,13.800000190734863,0,1,1
09:00,SIN_SSFV,1103211,1103211,0.996700,13.800000190734863,0,1,1
09:00,SIN_SSFV,1103229,1103229,0.996700,13.800000190734863,0,1,1
09:00,SIN_SSFV,1103245,1103245,0.996599,13.800000190734863,0,1,1
09:00,SIN_SSFV,1103253,1103253,0.996597,13.800000190734863,0,1,1
09:00,SIN_SSFV,1103296,1103296,0.997276,13.800000190734863,0,1,1
09:00,SIN_SSFV,1103300,1103300,0.997276,13.800000190734863,0,1,1
09:00,SIN_SSFV,1103318,1103318,0.997275,13.800000190734863,0,1,1
09:00,SIN_SSFV,1103326,1103326,0.997276,13.800000190734863,0,1,1
09:00,SIN_SSFV,1103351,1103351,0.996600,13.800000190734863,0,1,1
09:00,SIN_SSFV,1103385,1103385,0.996599,13.800000190734863,0,1,1
09:00,SIN_SSFV,1103393,1103393,0.996491,13.800000190734863,0,1,1
09:00,SIN_SSFV,1103407,1103407,0.996488,13.800000190734863,0,1,1
09:00,SIN_SSFV,1103431,1103431,0.996286,13.800000190734863,0,1,1
09:00,SIN_SSFV,1103458,1103458,0.996284,13.800000190734863,0,1,1
09:00,SIN_SSFV,1103725,1103725,0.996385,13.800000190734863,0,1,1
09:00,SIN_SSFV,1154079,1154079,0.998237,13.800000190734863,0,1,1
09:00,SIN_SSFV,1154087,1154087,0.998230,13.800000190734863,0,1,1
09:00,SIN_SSFV,1154109,1154109,0.998231,13.800000190734863,0,1,1
09:00,SIN_SSFV,1154117,1154117,0.998233,13.800000190734863,0,1,1
09:00,SIN_SSFV,1154125,1154125,0.998234,13.800000190734863,0,1,1
09:00,SIN_SSFV,1154133,1154133,0.998080,13.800000190734863,0,1,1
09:00,SIN_SSFV,1154141,1154141,0.998081,13.800000190734863,0,1,1
09:00,SIN_SSFV,1154150,1154150,0.998080,13.800000190734863,0,1,1
09:00,SIN_SSFV,1154176,1154176,0.998080,13.800000190734863,0,1,1
09:00,SIN_SSFV,1154192,1154192,0.998049,13.800000190734863,0,1,1
09:00,SIN_SSFV,1154206,1154206,0.998050,13.800000190734863,0,1,1
09:00,SIN_SSFV,1154214,1154214,0.996739,13.800000190734863,0,1,1
09:00,SIN_SSFV,1154222,1154222,0.998048,13.800000190734863,0,1,1
09:00,SIN_SSFV,1154231,1154231,0.998044,13.800000190734863,0,1,1
09:00,SIN_SSFV,1154249,1154249,0.997151,13.800000190734863,0,1,1
09:00,SIN_SSFV,1154257,1154257,0.997150,13.800000190734863,0,1,1
09:00,SIN_SSFV,1154273,1154273,0.997149,13.800000190734863,0,1,1
09:00,SIN_SSFV,1154281,1154281,0.997147,13.800000190734863,0,1,1
09:00,SIN_SSFV,1154290,1154290,0.997148,13.800000190734863,0,1,1
09:00,SIN_SSFV,1154303,1154303,0.998080,13.800000190734863,0,1,1
09:00,SIN_SSFV,1154311,1154311,0.997435,13.800000190734863,0,1,1
09:00,SIN_SSFV,1154346,1154346,0.997438,13.800000190734863,0,1,1
09:00,SIN_SSFV,1154354,1154354,0.997437,13.800000190734863,0,1,1
09:00,SIN_SSFV,1154371,1154371,0.996779,13.800000190734863,0,1,1
09:00,SIN_SSFV,1154389,1154389,0.996779,13.800000190734863,0,1,1
09:00,SIN_SSFV,1154397,1154397,0.996767,13.800000190734863,0,1,1
09:00,SIN_SSFV,1154401,1154401,0.996748,13.800000190734863,0,1,1
09:00,SIN_SSFV,1154435,1154435,0.998044,13.800000190734863,0,1,1
09:00,SIN_SSFV,1154443,1154443,0.997279,13.800000190734863,0,1,1
09:00,SIN_SSFV,1154451,1154451,0.997278,13.800000190734863,0,1,1
09:00,SIN_SSFV,1154478,1154478,0.997277,13.800000190734863,0,1,1
09:00,SIN_SSFV,1154494,1154494,0.997275,13.800000190734863,0,1,1
09:00,SIN_SSFV,1154508,1154508,0.997611,13.800000190734863,0,1,1
09:00,SIN_SSFV,1154524,1154524,0.996703,13.800000190734863,0,1,1
09:00,SIN_SSFV,1154532,1154532,0.996700,13.800000190734863,0,1,1
09:00,SIN_SSFV,1154541,1154541,0.996698,13.800000190734863,0,1,1
09:00,SIN_SSFV,1154575,1154575,0.996703,13.800000190734863,0,1,1
09:00,SIN_SSFV,1154583,1154583,0.996701,13.800000190734863,0,1,1
09:00,SIN_SSFV,1154591,1154591,0.996698,13.800000190734863,0,1,1
09:00,SIN_SSFV,1154605,1154605,0.996384,13.800000190734863,0,1,1
09:00,SIN_SSFV,1154613,1154613,0.996384,13.800000190734863,0,1,1
09:00,SIN_SSFV,1155245,1155245,0.996068,13.800000190734863,0,1,1
09:00,SIN_SSFV,1155253,1155253,0.996060,13.800000190734863,0,1,1
09:00,SIN_SSFV,1155270,1155270,0.996063,13.800000190734863,0,1,1
09:00,SIN_SSFV,1155334,1155334,0.995922,13.800000190734863,0,1,1
09:00,SIN_SSFV,1155342,1155342,0.995920,13.800000190734863,0,1,1
09:00,SIN_SSFV,1155351,1155351,0.995919,13.800000190734863,0,1,1
09:00,SIN_SSFV,1155377,1155377,0.995917,13.800000190734863,0,1,1
09:00,SIN_SSFV,1155652,1155652,0.995768,13.800000190734863,0,1,1
09:00,SIN_SSFV,1155679,1155679,0.995916,13.800000190734863,0,1,1
09:00,SIN_SSFV,1155741,1155741,0.995461,13.800000190734863,0,1,1
09:00,SIN_SSFV,1155750,1155750,0.995459,13.800000190734863,0,1,1
09:00,SIN_SSFV,1155776,1155776,0.995458,13.800000190734863,0,1,1
09:00,SIN_SSFV,1155792,1155792,0.995460,13.800000190734863,0,1,1
09:00,SIN_SSFV,1155806,1155806,0.995458,13.800000190734863,0,1,1
09:00,SIN_SSFV,1155822,1155822,0.995457,13.800000190734863,0,1,1
09:00,SIN_SSFV,1155849,1155849,0.995530,13.800000190734863,0,1,1
09:00,SIN_SSFV,1155857,1155857,0.995528,13.800000190734863,0,1,1
09:00,SIN_SSFV,1155881,1155881,0.995528,13.800000190734863,0,1,1
09:00,SIN_SSFV,1155911,1155911,0.996059,13.800000190734863,0,1,1
09:00,SIN_SSFV,1155938,1155938,0.995768,13.800000190734863,0,1,1
09:00,SIN_SSFV,1155946,1155946,0.995766,13.800000190734863,0,1,1
09:00,SIN_SSFV,1155971,1155971,0.995767,13.800000190734863,0,1,1
09:00,SIN_SSFV,1155997,1155997,0.995767,13.800000190734863,0,1,1
09:00,SIN_SSFV,1157019,1157019,0.995920,13.800000190734863,0,1,1
09:00,SIN_SSFV,1283235,1283235,0.997760,13.800000190734863,0,1,1
09:00,SIN_SSFV,1618733,1618733,0.995527,13.800000190734863,0,1,1
09:00,SIN_SSFV,1618741,1618741,0.995529,13.800000190734863,0,1,1
09:00,SIN_SSFV,1618750,1618750,0.995530,13.800000190734863,0,1,1
09:00,SIN_SSFV,1667238,1667238,0.996385,13.800000190734863,0,1,1
09:00,SIN_SSFV,1667262,1667262,0.996488,13.800000190734863,0,1,1
09:00,SIN_SSFV,220 V,220 V,0.982567,0.2199999988079071,0,1,1
09:00,SIN_SSFV,2214130,2214130,0.995994,13.800000190734863,0,1,1
09:00,SIN_SSFV,2214148,2214148,0.995992,13.800000190734863,0,1,1
09:00,SIN_SSFV,2214156,2214156,0.995991,13.800000190734863,0,1,1
09:00,SIN_SSFV,2479567,2479567,0.995415,13.800000190734863,1,1,1
09:00,SIN_SSFV,2567814,2567814,0.996060,13.800000190734863,0,1,1
09:00,SIN_SSFV,2567831,2567831,0.996059,13.800000190734863,0,1,1
09:00,SIN_SSFV,2765811,2765811,0.998230,13.800000190734863,0,1,1
09:00,SIN_SSFV,2765829,2765829,0.998217,13.800000190734863,0,1,1
09:00,SIN_SSFV,2765837,2765837,0.998216,13.800000190734863,0,1,1
09:00,SIN_SSFV,2789132,2789132,0.995458,13.800000190734863,0,1,1
09:00,SIN_SSFV,2789141,2789141,0.995457,13.800000190734863,0,1,1
09:00,SIN_SSFV,3272567,3272567,0.995416,13.800000190734863,1,1,1
09:00,SIN_SSFV,3272664,3272664,0.995411,13.800000190734863,1,1,1
09:00,SIN_SSFV,3272761,3272761,0.995409,13.800000190734863,1,1,1
09:00,SIN_SSFV,3272869,3272869,0.995408,13.800000190734863,1,1,1
09:00,SIN_SSFV,3272966,3272966,0.995407,13.800000190734863,1,1,1
09:00,SIN_SSFV,3453260,3453260,0.996051,13.800000190734863,0,1,1
09:00,SIN_SSFV,3453367,3453367,0.996052,13.800000190734863,0,1,1
09:00,SIN_SSFV,3453464,3453464,0.996054,13.800000190734863,0,1,1
09:00,SIN_SSFV,3453561,3453561,0.996059,13.800000190734863,0,1,1
09:00,SIN_SSFV,3769721,3769721,0.996194,13.800000190734863,0,1,1
09:00,SIN_SSFV,4249330,4249330,0.997762,13.800000190734863,0,1,1
09:00,SIN_SSFV,4249348,4249348,0.997761,13.800000190734863,0,1,1
09:00,SIN_SSFV,4249356,4249356,0.997756,13.800000190734863,0,1,1
09:00,SIN_SSFV,4249372,4249372,0.997755,13.800000190734863,0,1,1
09:00,SIN_SSFV,4938216,4938216,0.995991,13.800000190734863,0,1,1
09:00,SIN_SSFV,5604524,5604524,0.997759,13.800000190734863,0,1,1
09:00,SIN_SSFV,5605024,5605024,0.997767,13.800000190734863,0,1,1
09:00,SIN_SSFV,5605032,5605032,0.997765,13.800000190734863,0,1,1
09:00,SIN_SSFV,8338973,8338973,0.997609,13.800000190734863,0,1,1
09:00,SIN_SSFV,8339155,8339155,0.997609,13.800000190734863,0,1,1
09:00,SIN_SSFV,8339694,8339694,0.997609,13.800000190734863,0,1,1
09:00,SIN_SSFV,8339708,8339708,0.997610,13.800000190734863,0,1,1
09:00,SIN_SSFV,8795266,8795266,0.997770,13.800000190734863,0,1,1
09:00,SIN_SSFV,9219013,9219013,0.995526,13.800000190734863,0,1,1
09:00,SIN_SSFV,9500758,9500758,0.997775,13.800000190734863,0,1,1
09:00,SIN_SSFV,9500766,9500766,0.997773,13.800000190734863,0,1,1
09:00,SIN_SSFV,9500774,9500774,0.997771,13.800000190734863,0,1,1
09:00,SIN_SSFV,Terminal(1),Terminal(1),1.000000,13.800000190734863,0,1,1
09:00,CON_SSFV,1026666,1026666,0.997739,13.800000190734863,0,1,1
09:00,CON_SSFV,1026682,1026682,0.997739,13.800000190734863,0,1,1
09:00,CON_SSFV,1045288,1045288,0.996193,13.800000190734863,0,1,1
09:00,CON_SSFV,1065971,1065971,0.996010,13.800000190734863,1,1,1
09:00,CON_SSFV,1067001,1067001,0.999984,13.800000190734863,0,1,1
09:00,CON_SSFV,1067010,1067010,0.998328,13.800000190734863,0,1,1
09:00,CON_SSFV,1067028,1067028,0.998181,13.800000190734863,0,1,1
09:00,CON_SSFV,1067036,1067036,0.998152,13.800000190734863,0,1,1
09:00,CON_SSFV,1067044,1067044,0.998028,13.800000190734863,0,1,1
09:00,CON_SSFV,1067052,1067052,0.997894,13.800000190734863,0,1,1
09:00,CON_SSFV,1067079,1067079,0.997888,13.800000190734863,0,1,1
09:00,CON_SSFV,1067087,1067087,0.997883,13.800000190734863,0,1,1
09:00,CON_SSFV,1067109,1067109,0.997758,13.800000190734863,0,1,1
09:00,CON_SSFV,1067117,1067117,0.997585,13.800000190734863,0,1,1
09:00,CON_SSFV,1067125,1067125,0.997440,13.800000190734863,0,1,1
09:00,CON_SSFV,1067133,1067133,0.997438,13.800000190734863,0,1,1
09:00,CON_SSFV,1067141,1067141,0.997326,13.800000190734863,0,1,1
09:00,CON_SSFV,1067150,1067150,0.997162,13.800000190734863,0,1,1
09:00,CON_SSFV,1067176,1067176,0.996998,13.800000190734863,0,1,1
09:00,CON_SSFV,1067184,1067184,0.996928,13.800000190734863,0,1,1
09:00,CON_SSFV,1067192,1067192,0.996840,13.800000190734863,0,1,1
09:00,CON_SSFV,1067206,1067206,0.996749,13.800000190734863,0,1,1
09:00,CON_SSFV,1067214,1067214,0.996659,13.800000190734863,0,1,1
09:00,CON_SSFV,1069438,1069438,0.999857,13.800000190734863,0,1,1
09:00,CON_SSFV,1069446,1069446,0.999563,13.800000190734863,0,1,1
09:00,CON_SSFV,1069454,1069454,0.999489,13.800000190734863,0,1,1
09:00,CON_SSFV,1069471,1069471,0.999369,13.800000190734863,0,1,1
09:00,CON_SSFV,1069489,1069489,0.999158,13.800000190734863,0,1,1
09:00,CON_SSFV,1069497,1069497,0.998977,13.800000190734863,0,1,1
09:00,CON_SSFV,1069501,1069501,0.998814,13.800000190734863,0,1,1
09:00,CON_SSFV,1069519,1069519,0.998684,13.800000190734863,0,1,1
09:00,CON_SSFV,1069527,1069527,0.998636,13.800000190734863,0,1,1
09:00,CON_SSFV,1069683,1069683,0.998423,13.800000190734863,0,1,1
09:00,CON_SSFV,1101251,1101251,0.996625,13.800000190734863,0,1,1
09:00,CON_SSFV,1101277,1101277,0.996578,13.800000190734863,0,1,1
09:00,CON_SSFV,1101293,1101293,0.996404,13.800000190734863,0,1,1
09:00,CON_SSFV,1101307,1101307,0.996345,13.800000190734863,0,1,1
09:00,CON_SSFV,1101315,1101315,0.996294,13.800000190734863,0,1,1
09:00,CON_SSFV,1101323,1101323,0.996263,13.800000190734863,0,1,1
09:00,CON_SSFV,1101331,1101331,0.996235,13.800000190734863,0,1,1
09:00,CON_SSFV,1101340,1101340,0.996198,13.800000190734863,0,1,1
09:00,CON_SSFV,1101358,1101358,0.996177,13.800000190734863,0,1,1
09:00,CON_SSFV,1101374,1101374,0.996145,13.800000190734863,0,1,1
09:00,CON_SSFV,1101382,1101382,0.996121,13.800000190734863,0,1,1
09:00,CON_SSFV,1101391,1101391,0.996099,13.800000190734863,0,1,1
09:00,CON_SSFV,1101404,1101404,0.996062,13.800000190734863,0,1,1
09:00,CON_SSFV,1101412,1101412,0.996045,13.800000190734863,0,1,1
09:00,CON_SSFV,1101421,1101421,0.996028,13.800000190734863,0,1,1
09:00,CON_SSFV,1101447,1101447,0.996022,13.800000190734863,0,1,1
09:00,CON_SSFV,1101455,1101455,0.996015,13.800000190734863,0,1,1
09:00,CON_SSFV,1101471,1101471,0.996010,13.800000190734863,0,1,1
09:00,CON_SSFV,1101480,1101480,0.996010,13.800000190734863,0,1,1
09:00,CON_SSFV,1102958,1102958,0.997756,13.800000190734863,0,1,1
09:00,CON_SSFV,1102974,1102974,0.997753,13.800000190734863,0,1,1
09:00,CON_SSFV,1102982,1102982,0.997740,13.800000190734863,0,1,1
09:00,CON_SSFV,1103211,1103211,0.996924,13.800000190734863,0,1,1
09:00,CON_SSFV,1103229,1103229,0.996924,13.800000190734863,0,1,1
09:00,CON_SSFV,1103245,1103245,0.996839,13.800000190734863,0,1,1
09:00,CON_SSFV,1103253,1103253,0.996836,13.800000190734863,0,1,1
09:00,CON_SSFV,1103296,1103296,0.997437,13.800000190734863,0,1,1
09:00,CON_SSFV,1103300,1103300,0.997437,13.800000190734863,0,1,1
09:00,CON_SSFV,1103318,1103318,0.997437,13.800000190734863,0,1,1
09:00,CON_SSFV,1103326,1103326,0.997437,13.800000190734863,0,1,1
09:00,CON_SSFV,1103351,1103351,0.996840,13.800000190734863,0,1,1
09:00,CON_SSFV,1103385,1103385,0.996839,13.800000190734863,0,1,1
09:00,CON_SSFV,1103393,1103393,0.996747,13.800000190734863,0,1,1
09:00,CON_SSFV,1103407,1103407,0.996744,13.800000190734863,0,1,1
09:00,CON_SSFV,1103431,1103431,0.996577,13.800000190734863,0,1,1
09:00,CON_SSFV,1103458,1103458,0.996575,13.800000190734863,0,1,1
09:00,CON_SSFV,1103725,1103725,0.996659,13.800000190734863,0,1,1
09:00,CON_SSFV,1154079,1154079,0.998327,13.800000190734863,0,1,1
09:00,CON_SSFV,1154087,1154087,0.998320,13.800000190734863,0,1,1
09:00,CON_SSFV,1154109,1154109,0.998321,13.800000190734863,0,1,1
09:00,CON_SSFV,1154117,1154117,0.998323,13.800000190734863,0,1,1
09:00,CON_SSFV,1154125,1154125,0.998324,13.800000190734863,0,1,1
09:00,CON_SSFV,1154133,1154133,0.998180,13.800000190734863,0,1,1
09:00,CON_SSFV,1154141,1154141,0.998181,13.800000190734863,0,1,1
09:00,CON_SSFV,1154150,1154150,0.998180,13.800000190734863,0,1,1
09:00,CON_SSFV,1154176,1154176,0.998179,13.800000190734863,0,1,1
09:00,CON_SSFV,1154192,1154192,0.998150,13.800000190734863,0,1,1
09:00,CON_SSFV,1154206,1154206,0.998152,13.800000190734863,0,1,1
09:00,CON_SSFV,1154214,1154214,0.996953,13.800000190734863,0,1,1
09:00,CON_SSFV,1154222,1154222,0.998150,13.800000190734863,0,1,1
09:00,CON_SSFV,1154231,1154231,0.998146,13.800000190734863,0,1,1
09:00,CON_SSFV,1154249,1154249,0.997325,13.800000190734863,0,1,1
09:00,CON_SSFV,1154257,1154257,0.997324,13.800000190734863,0,1,1
09:00,CON_SSFV,1154273,1154273,0.997323,13.800000190734863,0,1,1
09:00,CON_SSFV,1154281,1154281,0.997321,13.800000190734863,0,1,1
09:00,CON_SSFV,1154290,1154290,0.997322,13.800000190734863,0,1,1
09:00,CON_SSFV,1154303,1154303,0.998180,13.800000190734863,0,1,1
09:00,CON_SSFV,1154311,1154311,0.997581,13.800000190734863,0,1,1
09:00,CON_SSFV,1154346,1154346,0.997584,13.800000190734863,0,1,1
09:00,CON_SSFV,1154354,1154354,0.997583,13.800000190734863,0,1,1
09:00,CON_SSFV,1154371,1154371,0.996993,13.800000190734863,0,1,1
09:00,CON_SSFV,1154389,1154389,0.996993,13.800000190734863,0,1,1
09:00,CON_SSFV,1154397,1154397,0.996980,13.800000190734863,0,1,1
09:00,CON_SSFV,1154401,1154401,0.996961,13.800000190734863,0,1,1
09:00,CON_SSFV,1154435,1154435,0.998146,13.800000190734863,0,1,1
09:00,CON_SSFV,1154443,1154443,0.997440,13.800000190734863,0,1,1
09:00,CON_SSFV,1154451,1154451,0.997439,13.800000190734863,0,1,1
09:00,CON_SSFV,1154478,1154478,0.997438,13.800000190734863,0,1,1
09:00,CON_SSFV,1154494,1154494,0.997436,13.800000190734863,0,1,1
09:00,CON_SSFV,1154508,1154508,0.997740,13.800000190734863,0,1,1
09:00,CON_SSFV,1154524,1154524,0.996927,13.800000190734863,0,1,1
09:00,CON_SSFV,1154532,1154532,0.996924,13.800000190734863,0,1,1
09:00,CON_SSFV,1154541,1154541,0.996923,13.800000190734863,0,1,1
09:00,CON_SSFV,1154575,1154575,0.996927,13.800000190734863,0,1,1
09:00,CON_SSFV,1154583,1154583,0.996925,13.800000190734863,0,1,1
09:00,CON_SSFV,1154591,1154591,0.996922,13.800000190734863,0,1,1
09:00,CON_SSFV,1154605,1154605,0.996658,13.800000190734863,0,1,1
09:00,CON_SSFV,1154613,1154613,0.996658,13.800000190734863,0,1,1
09:00,CON_SSFV,1155245,1155245,0.996398,13.800000190734863,0,1,1
09:00,CON_SSFV,1155253,1155253,0.996391,13.800000190734863,0,1,1
09:00,CON_SSFV,1155270,1155270,0.996393,13.800000190734863,0,1,1
09:00,CON_SSFV,1155334,1155334,0.996293,13.800000190734863,0,1,1
09:00,CON_SSFV,1155342,1155342,0.996291,13.800000190734863,0,1,1
09:00,CON_SSFV,1155351,1155351,0.996290,13.800000190734863,0,1,1
09:00,CON_SSFV,1155377,1155377,0.996288,13.800000190734863,0,1,1
09:00,CON_SSFV,1155652,1155652,0.996197,13.800000190734863,0,1,1
09:00,CON_SSFV,1155679,1155679,0.996287,13.800000190734863,0,1,1
09:00,CON_SSFV,1155741,1155741,0.996027,13.800000190734863,0,1,1
09:00,CON_SSFV,1155750,1155750,0.996025,13.800000190734863,0,1,1
09:00,CON_SSFV,1155776,1155776,0.996024,13.800000190734863,0,1,1
09:00,CON_SSFV,1155792,1155792,0.996026,13.800000190734863,0,1,1
09:00,CON_SSFV,1155806,1155806,0.996024,13.800000190734863,0,1,1
09:00,CON_SSFV,1155822,1155822,0.996023,13.800000190734863,0,1,1
09:00,CON_SSFV,1155849,1155849,0.996062,13.800000190734863,0,1,1
09:00,CON_SSFV,1155857,1155857,0.996060,13.800000190734863,0,1,1
09:00,CON_SSFV,1155881,1155881,0.996060,13.800000190734863,0,1,1
09:00,CON_SSFV,1155911,1155911,0.996390,13.800000190734863,0,1,1
09:00,CON_SSFV,1155938,1155938,0.996197,13.800000190734863,0,1,1
09:00,CON_SSFV,1155946,1155946,0.996195,13.800000190734863,0,1,1
09:00,CON_SSFV,1155971,1155971,0.996197,13.800000190734863,0,1,1
09:00,CON_SSFV,1155997,1155997,0.996196,13.800000190734863,0,1,1
09:00,CON_SSFV,1157019,1157019,0.996291,13.800000190734863,0,1,1
09:00,CON_SSFV,1283235,1283235,0.997878,13.800000190734863,0,1,1
09:00,CON_SSFV,1618733,1618733,0.996059,13.800000190734863,0,1,1
09:00,CON_SSFV,1618741,1618741,0.996061,13.800000190734863,0,1,1
09:00,CON_SSFV,1618750,1618750,0.996062,13.800000190734863,0,1,1
09:00,CON_SSFV,1667238,1667238,0.996659,13.800000190734863,0,1,1
09:00,CON_SSFV,1667262,1667262,0.996744,13.800000190734863,0,1,1
09:00,CON_SSFV,220 V,220 V,0.993755,0.2199999988079071,0,1,1
09:00,CON_SSFV,2214130,2214130,0.996343,13.800000190734863,0,1,1
09:00,CON_SSFV,2214148,2214148,0.996341,13.800000190734863,0,1,1
09:00,CON_SSFV,2214156,2214156,0.996340,13.800000190734863,0,1,1
09:00,CON_SSFV,2479567,2479567,0.996010,13.800000190734863,1,1,1
09:00,CON_SSFV,2567814,2567814,0.996390,13.800000190734863,0,1,1
09:00,CON_SSFV,2567831,2567831,0.996390,13.800000190734863,0,1,1
09:00,CON_SSFV,2765811,2765811,0.998321,13.800000190734863,0,1,1
09:00,CON_SSFV,2765829,2765829,0.998308,13.800000190734863,0,1,1
09:00,CON_SSFV,2765837,2765837,0.998306,13.800000190734863,0,1,1
09:00,CON_SSFV,2789132,2789132,0.996024,13.800000190734863,0,1,1
09:00,CON_SSFV,2789141,2789141,0.996023,13.800000190734863,0,1,1
09:00,CON_SSFV,3272567,3272567,0.996016,13.800000190734863,1,1,1
09:00,CON_SSFV,3272664,3272664,0.996019,13.800000190734863,1,1,1
09:00,CON_SSFV,3272761,3272761,0.996020,13.800000190734863,1,1,1
09:00,CON_SSFV,3272869,3272869,0.996020,13.800000190734863,1,1,1
09:00,CON_SSFV,3272966,3272966,0.996021,13.800000190734863,1,1,1
09:00,CON_SSFV,3453260,3453260,0.996382,13.800000190734863,0,1,1
09:00,CON_SSFV,3453367,3453367,0.996383,13.800000190734863,0,1,1
09:00,CON_SSFV,3453464,3453464,0.996385,13.800000190734863,0,1,1
09:00,CON_SSFV,3453561,3453561,0.996389,13.800000190734863,0,1,1
09:00,CON_SSFV,3769721,3769721,0.996502,13.800000190734863,0,1,1
09:00,CON_SSFV,4249330,4249330,0.997880,13.800000190734863,0,1,1
09:00,CON_SSFV,4249348,4249348,0.997878,13.800000190734863,0,1,1
09:00,CON_SSFV,4249356,4249356,0.997874,13.800000190734863,0,1,1
09:00,CON_SSFV,4249372,4249372,0.997873,13.800000190734863,0,1,1
09:00,CON_SSFV,4938216,4938216,0.996340,13.800000190734863,0,1,1
09:00,CON_SSFV,5604524,5604524,0.997877,13.800000190734863,0,1,1
09:00,CON_SSFV,5605024,5605024,0.997885,13.800000190734863,0,1,1
09:00,CON_SSFV,5605032,5605032,0.997883,13.800000190734863,0,1,1
09:00,CON_SSFV,8338973,8338973,0.997737,13.800000190734863,0,1,1
09:00,CON_SSFV,8339155,8339155,0.997738,13.800000190734863,0,1,1
09:00,CON_SSFV,8339694,8339694,0.997738,13.800000190734863,0,1,1
09:00,CON_SSFV,8339708,8339708,0.997739,13.800000190734863,0,1,1
09:00,CON_SSFV,8795266,8795266,0.997888,13.800000190734863,0,1,1
09:00,CON_SSFV,9219013,9219013,0.996058,13.800000190734863,0,1,1
09:00,CON_SSFV,9500758,9500758,0.997893,13.800000190734863,0,1,1
09:00,CON_SSFV,9500766,9500766,0.997891,13.800000190734863,0,1,1
09:00,CON_SSFV,9500774,9500774,0.997889,13.800000190734863,0,1,1
09:00,CON_SSFV,Terminal(1),Terminal(1),1.000000,13.800000190734863,0,1,1
12:00,SIN_SSFV,1026666,1026666,0.997243,13.800000190734863,0,1,1
12:00,SIN_SSFV,1026682,1026682,0.997243,13.800000190734863,0,1,1
12:00,SIN_SSFV,1045288,1045288,0.995108,13.800000190734863,0,1,1
12:00,SIN_SSFV,1065971,1065971,0.994711,13.800000190734863,1,1,1
12:00,SIN_SSFV,1067001,1067001,0.999981,13.800000190734863,0,1,1
12:00,SIN_SSFV,1067010,1067010,0.997967,13.800000190734863,0,1,1
12:00,SIN_SSFV,1067028,1067028,0.997787,13.800000190734863,0,1,1
12:00,SIN_SSFV,1067036,1067036,0.997751,13.800000190734863,0,1,1
12:00,SIN_SSFV,1067044,1067044,0.997598,13.800000190734863,0,1,1
12:00,SIN_SSFV,1067052,1067052,0.997434,13.800000190734863,0,1,1
12:00,SIN_SSFV,1067079,1067079,0.997427,13.800000190734863,0,1,1
12:00,SIN_SSFV,1067087,1067087,0.997422,13.800000190734863,0,1,1
12:00,SIN_SSFV,1067109,1067109,0.997265,13.800000190734863,0,1,1
12:00,SIN_SSFV,1067117,1067117,0.997046,13.800000190734863,0,1,1
12:00,SIN_SSFV,1067125,1067125,0.996861,13.800000190734863,0,1,1
12:00,SIN_SSFV,1067133,1067133,0.996858,13.800000190734863,0,1,1
12:00,SIN_SSFV,1067141,1067141,0.996714,13.800000190734863,0,1,1
12:00,SIN_SSFV,1067150,1067150,0.996501,13.800000190734863,0,1,1
12:00,SIN_SSFV,1067176,1067176,0.996290,13.800000190734863,0,1,1
12:00,SIN_SSFV,1067184,1067184,0.996197,13.800000190734863,0,1,1
12:00,SIN_SSFV,1067192,1067192,0.996078,13.800000190734863,0,1,1
12:00,SIN_SSFV,1067206,1067206,0.995954,13.800000190734863,0,1,1
12:00,SIN_SSFV,1067214,1067214,0.995830,13.800000190734863,0,1,1
12:00,SIN_SSFV,1069438,1069438,0.999826,13.800000190734863,0,1,1
12:00,SIN_SSFV,1069446,1069446,0.999468,13.800000190734863,0,1,1
12:00,SIN_SSFV,1069454,1069454,0.999378,13.800000190734863,0,1,1
12:00,SIN_SSFV,1069471,1069471,0.999232,13.800000190734863,0,1,1
12:00,SIN_SSFV,1069489,1069489,0.998976,13.800000190734863,0,1,1
12:00,SIN_SSFV,1069497,1069497,0.998755,13.800000190734863,0,1,1
12:00,SIN_SSFV,1069501,1069501,0.998558,13.800000190734863,0,1,1
12:00,SIN_SSFV,1069519,1069519,0.998400,13.800000190734863,0,1,1
12:00,SIN_SSFV,1069527,1069527,0.998342,13.800000190734863,0,1,1
12:00,SIN_SSFV,1069683,1069683,0.998083,13.800000190734863,0,1,1
12:00,SIN_SSFV,1101251,1101251,0.995782,13.800000190734863,0,1,1
12:00,SIN_SSFV,1101277,1101277,0.995716,13.800000190734863,0,1,1
12:00,SIN_SSFV,1101293,1101293,0.995470,13.800000190734863,0,1,1
12:00,SIN_SSFV,1101307,1101307,0.995380,13.800000190734863,0,1,1
12:00,SIN_SSFV,1101315,1101315,0.995297,13.800000190734863,0,1,1
12:00,SIN_SSFV,1101323,1101323,0.995239,13.800000190734863,0,1,1
12:00,SIN_SSFV,1101331,1101331,0.995187,13.800000190734863,0,1,1
12:00,SIN_SSFV,1101340,1101340,0.995118,13.800000190734863,0,1,1
12:00,SIN_SSFV,1101358,1101358,0.995076,13.800000190734863,0,1,1
12:00,SIN_SSFV,1101374,1101374,0.995012,13.800000190734863,0,1,1
12:00,SIN_SSFV,1101382,1101382,0.994963,13.800000190734863,0,1,1
12:00,SIN_SSFV,1101391,1101391,0.994918,13.800000190734863,0,1,1
12:00,SIN_SSFV,1101404,1101404,0.994844,13.800000190734863,0,1,1
12:00,SIN_SSFV,1101412,1101412,0.994803,13.800000190734863,0,1,1
12:00,SIN_SSFV,1101421,1101421,0.994765,13.800000190734863,0,1,1
12:00,SIN_SSFV,1101447,1101447,0.994744,13.800000190734863,0,1,1
12:00,SIN_SSFV,1101455,1101455,0.994717,13.800000190734863,0,1,1
12:00,SIN_SSFV,1101471,1101471,0.994711,13.800000190734863,0,1,1
12:00,SIN_SSFV,1101480,1101480,0.994711,13.800000190734863,0,1,1
12:00,SIN_SSFV,1102958,1102958,0.997262,13.800000190734863,0,1,1
12:00,SIN_SSFV,1102974,1102974,0.997259,13.800000190734863,0,1,1
12:00,SIN_SSFV,1102982,1102982,0.997244,13.800000190734863,0,1,1
12:00,SIN_SSFV,1103211,1103211,0.996193,13.800000190734863,0,1,1
12:00,SIN_SSFV,1103229,1103229,0.996192,13.800000190734863,0,1,1
12:00,SIN_SSFV,1103245,1103245,0.996077,13.800000190734863,0,1,1
12:00,SIN_SSFV,1103253,1103253,0.996074,13.800000190734863,0,1,1
12:00,SIN_SSFV,1103296,1103296,0.996858,13.800000190734863,0,1,1
12:00,SIN_SSFV,1103300,1103300,0.996857,13.800000190734863,0,1,1
12:00,SIN_SSFV,1103318,1103318,0.996857,13.800000190734863,0,1,1
12:00,SIN_SSFV,1103326,1103326,0.996857,13.800000190734863,0,1,1
12:00,SIN_SSFV,1103351,1103351,0.996078,13.800000190734863,0,1,1
12:00,SIN_SSFV,1103385,1103385,0.996076,13.800000190734863,0,1,1
12:00,SIN_SSFV,1103393,1103393,0.995952,13.800000190734863,0,1,1
12:00,SIN_SSFV,1103407,1103407,0.995948,13.800000190734863,0,1,1
12:00,SIN_SSFV,1103431,1103431,0.995715,13.800000190734863,0,1,1
12:00,SIN_SSFV,1103458,1103458,0.995713,13.800000190734863,0,1,1
12:00,SIN_SSFV,1103725,1103725,0.995830,13.800000190734863,0,1,1
12:00,SIN_SSFV,1154079,1154079,0.997966,13.800000190734863,0,1,1
12:00,SIN_SSFV,1154087,1154087,0.997958,13.800000190734863,0,1,1
12:00,SIN_SSFV,1154109,1154109,0.997959,13.800000190734863,0,1,1
12:00,SIN_SSFV,1154117,1154117,0.997961,13.800000190734863,0,1,1
12:00,SIN_SSFV,1154125,1154125,0.997962,13.800000190734863,0,1,1
12:00,SIN_SSFV,1154133,1154133,0.997785,13.800000190734863,0,1,1
12:00,SIN_SSFV,1154141,1154141,0.997786,13.800000190734863,0,1,1
12:00,SIN_SSFV,1154150,1154150,0.997785,13.800000190734863,0,1,1
12:00,SIN_SSFV,1154176,1154176,0.997784,13.800000190734863,0,1,1
12:00,SIN_SSFV,1154192,1154192,0.997749,13.800000190734863,0,1,1
12:00,SIN_SSFV,1154206,1154206,0.997750,13.800000190734863,0,1,1
12:00,SIN_SSFV,1154214,1154214,0.996238,13.800000190734863,0,1,1
12:00,SIN_SSFV,1154222,1154222,0.997748,13.800000190734863,0,1,1
12:00,SIN_SSFV,1154231,1154231,0.997744,13.800000190734863,0,1,1
12:00,SIN_SSFV,1154249,1154249,0.996713,13.800000190734863,0,1,1
12:00,SIN_SSFV,1154257,1154257,0.996712,13.800000190734863,0,1,1
12:00,SIN_SSFV,1154273,1154273,0.996710,13.800000190734863,0,1,1
12:00,SIN_SSFV,1154281,1154281,0.996709,13.800000190734863,0,1,1
12:00,SIN_SSFV,1154290,1154290,0.996709,13.800000190734863,0,1,1
12:00,SIN_SSFV,1154303,1154303,0.997785,13.800000190734863,0,1,1
12:00,SIN_SSFV,1154311,1154311,0.997041,13.800000190734863,0,1,1
12:00,SIN_SSFV,1154346,1154346,0.997045,13.800000190734863,0,1,1
12:00,SIN_SSFV,1154354,1154354,0.997044,13.800000190734863,0,1,1
12:00,SIN_SSFV,1154371,1154371,0.996284,13.800000190734863,0,1,1
12:00,SIN_SSFV,1154389,1154389,0.996284,13.800000190734863,0,1,1
12:00,SIN_SSFV,1154397,1154397,0.996270,13.800000190734863,0,1,1
12:00,SIN_SSFV,1154401,1154401,0.996248,13.800000190734863,0,1,1
12:00,SIN_SSFV,1154435,1154435,0.997744,13.800000190734863,0,1,1
12:00,SIN_SSFV,1154443,1154443,0.996860,13.800000190734863,0,1,1
12:00,SIN_SSFV,1154451,1154451,0.996860,13.800000190734863,0,1,1
12:00,SIN_SSFV,1154478,1154478,0.996858,13.800000190734863,0,1,1
12:00,SIN_SSFV,1154494,1154494,0.996857,13.800000190734863,0,1,1
12:00,SIN_SSFV,1154508,1154508,0.997244,13.800000190734863,0,1,1
12:00,SIN_SSFV,1154524,1154524,0.996196,13.800000190734863,0,1,1
12:00,SIN_SSFV,1154532,1154532,0.996193,13.800000190734863,0,1,1
12:00,SIN_SSFV,1154541,1154541,0.996191,13.800000190734863,0,1,1
12:00,SIN_SSFV,1154575,1154575,0.996196,13.800000190734863,0,1,1
12:00,SIN_SSFV,1154583,1154583,0.996193,13.800000190734863,0,1,1
12:00,SIN_SSFV,1154591,1154591,0.996190,13.800000190734863,0,1,1
12:00,SIN_SSFV,1154605,1154605,0.995829,13.800000190734863,0,1,1
12:00,SIN_SSFV,1154613,1154613,0.995828,13.800000190734863,0,1,1
12:00,SIN_SSFV,1155245,1155245,0.995463,13.800000190734863,0,1,1
12:00,SIN_SSFV,1155253,1155253,0.995455,13.800000190734863,0,1,1
12:00,SIN_SSFV,1155270,1155270,0.995458,13.800000190734863,0,1,1
12:00,SIN_SSFV,1155334,1155334,0.995295,13.800000190734863,0,1,1
12:00,SIN_SSFV,1155342,1155342,0.995293,13.800000190734863,0,1,1
12:00,SIN_SSFV,1155351,1155351,0.995292,13.800000190734863,0,1,1
12:00,SIN_SSFV,1155377,1155377,0.995290,13.800000190734863,0,1,1
12:00,SIN_SSFV,1155652,1155652,0.995118,13.800000190734863,0,1,1
12:00,SIN_SSFV,1155679,1155679,0.995289,13.800000190734863,0,1,1
12:00,SIN_SSFV,1155741,1155741,0.994764,13.800000190734863,0,1,1
12:00,SIN_SSFV,1155750,1155750,0.994762,13.800000190734863,0,1,1
12:00,SIN_SSFV,1155776,1155776,0.994761,13.800000190734863,0,1,1
12:00,SIN_SSFV,1155792,1155792,0.994763,13.800000190734863,0,1,1
12:00,SIN_SSFV,1155806,1155806,0.994761,13.800000190734863,0,1,1
12:00,SIN_SSFV,1155822,1155822,0.994760,13.800000190734863,0,1,1
12:00,SIN_SSFV,1155849,1155849,0.994843,13.800000190734863,0,1,1
12:00,SIN_SSFV,1155857,1155857,0.994842,13.800000190734863,0,1,1
12:00,SIN_SSFV,1155881,1155881,0.994841,13.800000190734863,0,1,1
12:00,SIN_SSFV,1155911,1155911,0.995454,13.800000190734863,0,1,1
12:00,SIN_SSFV,1155938,1155938,0.995118,13.800000190734863,0,1,1
12:00,SIN_SSFV,1155946,1155946,0.995116,13.800000190734863,0,1,1
12:00,SIN_SSFV,1155971,1155971,0.995117,13.800000190734863,0,1,1
12:00,SIN_SSFV,1155997,1155997,0.995117,13.800000190734863,0,1,1
12:00,SIN_SSFV,1157019,1157019,0.995294,13.800000190734863,0,1,1
12:00,SIN_SSFV,1283235,1283235,0.997415,13.800000190734863,0,1,1
12:00,SIN_SSFV,1618733,1618733,0.994840,13.800000190734863,0,1,1
12:00,SIN_SSFV,1618741,1618741,0.994843,13.800000190734863,0,1,1
12:00,SIN_SSFV,1618750,1618750,0.994843,13.800000190734863,0,1,1
12:00,SIN_SSFV,1667238,1667238,0.995830,13.800000190734863,0,1,1
12:00,SIN_SSFV,1667262,1667262,0.995948,13.800000190734863,0,1,1
12:00,SIN_SSFV,220 V,220 V,0.980743,0.2199999988079071,0,1,1
12:00,SIN_SSFV,2214130,2214130,0.995379,13.800000190734863,0,1,1
12:00,SIN_SSFV,2214148,2214148,0.995376,13.800000190734863,0,1,1
12:00,SIN_SSFV,2214156,2214156,0.995375,13.800000190734863,0,1,1
12:00,SIN_SSFV,2479567,2479567,0.994711,13.800000190734863,1,1,1
12:00,SIN_SSFV,2567814,2567814,0.995454,13.800000190734863,0,1,1
12:00,SIN_SSFV,2567831,2567831,0.995454,13.800000190734863,0,1,1
12:00,SIN_SSFV,2765811,2765811,0.997958,13.800000190734863,0,1,1
12:00,SIN_SSFV,2765829,2765829,0.997943,13.800000190734863,0,1,1
12:00,SIN_SSFV,2765837,2765837,0.997941,13.800000190734863,0,1,1
12:00,SIN_SSFV,2789132,2789132,0.994761,13.800000190734863,0,1,1
12:00,SIN_SSFV,2789141,2789141,0.994760,13.800000190734863,0,1,1
12:00,SIN_SSFV,3272567,3272567,0.994713,13.800000190734863,1,1,1
12:00,SIN_SSFV,3272664,3272664,0.994707,13.800000190734863,1,1,1
12:00,SIN_SSFV,3272761,3272761,0.994705,13.800000190734863,1,1,1
12:00,SIN_SSFV,3272869,3272869,0.994703,13.800000190734863,1,1,1
12:00,SIN_SSFV,3272966,3272966,0.994702,13.800000190734863,1,1,1
12:00,SIN_SSFV,3453260,3453260,0.995445,13.800000190734863,0,1,1
12:00,SIN_SSFV,3453367,3453367,0.995446,13.800000190734863,0,1,1
12:00,SIN_SSFV,3453464,3453464,0.995448,13.800000190734863,0,1,1
12:00,SIN_SSFV,3453561,3453561,0.995454,13.800000190734863,0,1,1
12:00,SIN_SSFV,3769721,3769721,0.995609,13.800000190734863,0,1,1
12:00,SIN_SSFV,4249330,4249330,0.997418,13.800000190734863,0,1,1
12:00,SIN_SSFV,4249348,4249348,0.997416,13.800000190734863,0,1,1
12:00,SIN_SSFV,4249356,4249356,0.997411,13.800000190734863,0,1,1
12:00,SIN_SSFV,4249372,4249372,0.997410,13.800000190734863,0,1,1
12:00,SIN_SSFV,4938216,4938216,0.995375,13.800000190734863,0,1,1
12:00,SIN_SSFV,5604524,5604524,0.997415,13.800000190734863,0,1,1
12:00,SIN_SSFV,5605024,5605024,0.997424,13.800000190734863,0,1,1
12:00,SIN_SSFV,5605032,5605032,0.997421,13.800000190734863,0,1,1
12:00,SIN_SSFV,8338973,8338973,0.997241,13.800000190734863,0,1,1
12:00,SIN_SSFV,8339155,8339155,0.997242,13.800000190734863,0,1,1
12:00,SIN_SSFV,8339694,8339694,0.997241,13.800000190734863,0,1,1
12:00,SIN_SSFV,8339708,8339708,0.997243,13.800000190734863,0,1,1
12:00,SIN_SSFV,8795266,8795266,0.997428,13.800000190734863,0,1,1
12:00,SIN_SSFV,9219013,9219013,0.994840,13.800000190734863,0,1,1
12:00,SIN_SSFV,9500758,9500758,0.997433,13.800000190734863,0,1,1
12:00,SIN_SSFV,9500766,9500766,0.997431,13.800000190734863,0,1,1
12:00,SIN_SSFV,9500774,9500774,0.997428,13.800000190734863,0,1,1
12:00,SIN_SSFV,Terminal(1),Terminal(1),1.000000,13.800000190734863,0,1,1
12:00,CON_SSFV,1026666,1026666,0.997373,13.800000190734863,0,1,1
12:00,CON_SSFV,1026682,1026682,0.997373,13.800000190734863,0,1,1
12:00,CON_SSFV,1045288,1045288,0.995544,13.800000190734863,0,1,1
12:00,CON_SSFV,1065971,1065971,0.995310,13.800000190734863,1,1,1
12:00,CON_SSFV,1067001,1067001,0.999982,13.800000190734863,0,1,1
12:00,CON_SSFV,1067010,1067010,0.998058,13.800000190734863,0,1,1
12:00,CON_SSFV,1067028,1067028,0.997887,13.800000190734863,0,1,1
12:00,CON_SSFV,1067036,1067036,0.997854,13.800000190734863,0,1,1
12:00,CON_SSFV,1067044,1067044,0.997709,13.800000190734863,0,1,1
12:00,CON_SSFV,1067052,1067052,0.997553,13.800000190734863,0,1,1
12:00,CON_SSFV,1067079,1067079,0.997546,13.800000190734863,0,1,1
12:00,CON_SSFV,1067087,1067087,0.997541,13.800000190734863,0,1,1
12:00,CON_SSFV,1067109,1067109,0.997395,13.800000190734863,0,1,1
12:00,CON_SSFV,1067117,1067117,0.997193,13.800000190734863,0,1,1
12:00,CON_SSFV,1067125,1067125,0.997024,13.800000190734863,0,1,1
12:00,CON_SSFV,1067133,1067133,0.997021,13.800000190734863,0,1,1
12:00,CON_SSFV,1067141,1067141,0.996889,13.800000190734863,0,1,1
12:00,CON_SSFV,1067150,1067150,0.996697,13.800000190734863,0,1,1
12:00,CON_SSFV,1067176,1067176,0.996505,13.800000190734863,0,1,1
12:00,CON_SSFV,1067184,1067184,0.996423,13.800000190734863,0,1,1
12:00,CON_SSFV,1067192,1067192,0.996319,13.800000190734863,0,1,1
12:00,CON_SSFV,1067206,1067206,0.996212,13.800000190734863,0,1,1
12:00,CON_SSFV,1067214,1067214,0.996106,13.800000190734863,0,1,1
12:00,CON_SSFV,1069438,1069438,0.999834,13.800000190734863,0,1,1
12:00,CON_SSFV,1069446,1069446,0.999492,13.800000190734863,0,1,1
12:00,CON_SSFV,1069454,1069454,0.999406,13.800000190734863,0,1,1
12:00,CON_SSFV,1069471,1069471,0.999266,13.800000190734863,0,1,1
12:00,CON_SSFV,1069489,1069489,0.999022,13.800000190734863,0,1,1
12:00,CON_SSFV,1069497,1069497,0.998811,13.800000190734863,0,1,1
12:00,CON_SSFV,1069501,1069501,0.998623,13.800000190734863,0,1,1
12:00,CON_SSFV,1069519,1069519,0.998472,13.800000190734863,0,1,1
12:00,CON_SSFV,1069527,1069527,0.998416,13.800000190734863,0,1,1
12:00,CON_SSFV,1069683,1069683,0.998169,13.800000190734863,0,1,1
12:00,CON_SSFV,1101251,1101251,0.996065,13.800000190734863,0,1,1
12:00,CON_SSFV,1101277,1101277,0.996009,13.800000190734863,0,1,1
12:00,CON_SSFV,1101293,1101293,0.995803,13.800000190734863,0,1,1
12:00,CON_SSFV,1101307,1101307,0.995732,13.800000190734863,0,1,1
12:00,CON_SSFV,1101315,1101315,0.995670,13.800000190734863,0,1,1
12:00,CON_SSFV,1101323,1101323,0.995632,13.800000190734863,0,1,1
12:00,CON_SSFV,1101331,1101331,0.995597,13.800000190734863,0,1,1
12:00,CON_SSFV,1101340,1101340,0.995551,13.800000190734863,0,1,1
12:00,CON_SSFV,1101358,1101358,0.995524,13.800000190734863,0,1,1
12:00,CON_SSFV,1101374,1101374,0.995484,13.800000190734863,0,1,1
12:00,CON_SSFV,1101382,1101382,0.995454,13.800000190734863,0,1,1
12:00,CON_SSFV,1101391,1101391,0.995426,13.800000190734863,0,1,1
12:00,CON_SSFV,1101404,1101404,0.995380,13.800000190734863,0,1,1
12:00,CON_SSFV,1101412,1101412,0.995356,13.800000190734863,0,1,1
12:00,CON_SSFV,1101421,1101421,0.995335,13.800000190734863,0,1,1
12:00,CON_SSFV,1101447,1101447,0.995326,13.800000190734863,0,1,1
12:00,CON_SSFV,1101455,1101455,0.995316,13.800000190734863,0,1,1
12:00,CON_SSFV,1101471,1101471,0.995310,13.800000190734863,0,1,1
12:00,CON_SSFV,1101480,1101480,0.995310,13.800000190734863,0,1,1
12:00,CON_SSFV,1102958,1102958,0.997392,13.800000190734863,0,1,1
12:00,CON_SSFV,1102974,1102974,0.997389,13.800000190734863,0,1,1
12:00,CON_SSFV,1102982,1102982,0.997374,13.800000190734863,0,1,1
12:00,CON_SSFV,1103211,1103211,0.996419,13.800000190734863,0,1,1
12:00,CON_SSFV,1103229,1103229,0.996418,13.800000190734863,0,1,1
12:00,CON_SSFV,1103245,1103245,0.996318,13.800000190734863,0,1,1
12:00,CON_SSFV,1103253,1103253,0.996315,13.800000190734863,0,1,1
12:00,CON_SSFV,1103296,1103296,0.997020,13.800000190734863,0,1,1
12:00,CON_SSFV,1103300,1103300,0.997020,13.800000190734863,0,1,1
12:00,CON_SSFV,1103318,1103318,0.997019,13.800000190734863,0,1,1
12:00,CON_SSFV,1103326,1103326,0.997019,13.800000190734863,0,1,1
12:00,CON_SSFV,1103351,1103351,0.996319,13.800000190734863,0,1,1
12:00,CON_SSFV,1103385,1103385,0.996318,13.800000190734863,0,1,1
12:00,CON_SSFV,1103393,1103393,0.996210,13.800000190734863,0,1,1
12:00,CON_SSFV,1103407,1103407,0.996206,13.800000190734863,0,1,1
12:00,CON_SSFV,1103431,1103431,0.996008,13.800000190734863,0,1,1
12:00,CON_SSFV,1103458,1103458,0.996006,13.800000190734863,0,1,1
12:00,CON_SSFV,1103725,1103725,0.996105,13.800000190734863,0,1,1
12:00,CON_SSFV,1154079,1154079,0.998057,13.800000190734863,0,1,1
12:00,CON_SSFV,1154087,1154087,0.998049,13.800000190734863,0,1,1
12:00,CON_SSFV,1154109,1154109,0.998050,13.800000190734863,0,1,1
12:00,CON_SSFV,1154117,1154117,0.998052,13.800000190734863,0,1,1
12:00,CON_SSFV,1154125,1154125,0.998053,13.800000190734863,0,1,1
12:00,CON_SSFV,1154133,1154133,0.997886,13.800000190734863,0,1,1
12:00,CON_SSFV,1154141,1154141,0.997887,13.800000190734863,0,1,1
12:00,CON_SSFV,1154150,1154150,0.997886,13.800000190734863,0,1,1
12:00,CON_SSFV,1154176,1154176,0.997885,13.800000190734863,0,1,1
12:00,CON_SSFV,1154192,1154192,0.997851,13.800000190734863,0,1,1
12:00,CON_SSFV,1154206,1154206,0.997853,13.800000190734863,0,1,1
12:00,CON_SSFV,1154214,1154214,0.996453,13.800000190734863,0,1,1
12:00,CON_SSFV,1154222,1154222,0.997850,13.800000190734863,0,1,1
12:00,CON_SSFV,1154231,1154231,0.997846,13.800000190734863,0,1,1
12:00,CON_SSFV,1154249,1154249,0.996888,13.800000190734863,0,1,1
12:00,CON_SSFV,1154257,1154257,0.996888,13.800000190734863,0,1,1
12:00,CON_SSFV,1154273,1154273,0.996886,13.800000190734863,0,1,1
12:00,CON_SSFV,1154281,1154281,0.996884,13.800000190734863,0,1,1
12:00,CON_SSFV,1154290,1154290,0.996885,13.800000190734863,0,1,1
12:00,CON_SSFV,1154303,1154303,0.997886,13.800000190734863,0,1,1
12:00,CON_SSFV,1154311,1154311,0.997188,13.800000190734863,0,1,1
12:00,CON_SSFV,1154346,1154346,0.997192,13.800000190734863,0,1,1
12:00,CON_SSFV,1154354,1154354,0.997191,13.800000190734863,0,1,1
12:00,CON_SSFV,1154371,1154371,0.996500,13.800000190734863,0,1,1
12:00,CON_SSFV,1154389,1154389,0.996500,13.800000190734863,0,1,1
12:00,CON_SSFV,1154397,1154397,0.996485,13.800000190734863,0,1,1
12:00,CON_SSFV,1154401,1154401,0.996463,13.800000190734863,0,1,1
12:00,CON_SSFV,1154435,1154435,0.997846,13.800000190734863,0,1,1
12:00,CON_SSFV,1154443,1154443,0.997023,13.800000190734863,0,1,1
12:00,CON_SSFV,1154451,1154451,0.997022,13.800000190734863,0,1,1
12:00,CON_SSFV,1154478,1154478,0.997021,13.800000190734863,0,1,1
12:00,CON_SSFV,1154494,1154494,0.997019,13.800000190734863,0,1,1
12:00,CON_SSFV,1154508,1154508,0.997374,13.800000190734863,0,1,1
12:00,CON_SSFV,1154524,1154524,0.996422,13.800000190734863,0,1,1
12:00,CON_SSFV,1154532,1154532,0.996419,13.800000190734863,0,1,1
12:00,CON_SSFV,1154541,1154541,0.996417,13.800000190734863,0,1,1
12:00,CON_SSFV,1154575,1154575,0.996423,13.800000190734863,0,1,1
12:00,CON_SSFV,1154583,1154583,0.996419,13.800000190734863,0,1,1
12:00,CON_SSFV,1154591,1154591,0.996416,13.800000190734863,0,1,1
12:00,CON_SSFV,1154605,1154605,0.996104,13.800000190734863,0,1,1
12:00,CON_SSFV,1154613,1154613,0.996104,13.800000190734863,0,1,1
12:00,CON_SSFV,1155245,1155245,0.995796,13.800000190734863,0,1,1
12:00,CON_SSFV,1155253,1155253,0.995788,13.800000190734863,0,1,1
12:00,CON_SSFV,1155270,1155270,0.995791,13.800000190734863,0,1,1
12:00,CON_SSFV,1155334,1155334,0.995669,13.800000190734863,0,1,1
12:00,CON_SSFV,1155342,1155342,0.995667,13.800000190734863,0,1,1
12:00,CON_SSFV,1155351,1155351,0.995666,13.800000190734863,0,1,1
12:00,CON_SSFV,1155377,1155377,0.995663,13.800000190734863,0,1,1
12:00,CON_SSFV,1155652,1155652,0.995550,13.800000190734863,0,1,1
12:00,CON_SSFV,1155679,1155679,0.995662,13.800000190734863,0,1,1
12:00,CON_SSFV,1155741,1155741,0.995334,13.800000190734863,0,1,1
12:00,CON_SSFV,1155750,1155750,0.995332,13.800000190734863,0,1,1
12:00,CON_SSFV,1155776,1155776,0.995331,13.800000190734863,0,1,1
12:00,CON_SSFV,1155792,1155792,0.995333,13.800000190734863,0,1,1
12:00,CON_SSFV,1155806,1155806,0.995330,13.800000190734863,0,1,1
12:00,CON_SSFV,1155822,1155822,0.995330,13.800000190734863,0,1,1
12:00,CON_SSFV,1155849,1155849,0.995379,13.800000190734863,0,1,1
12:00,CON_SSFV,1155857,1155857,0.995377,13.800000190734863,0,1,1
12:00,CON_SSFV,1155881,1155881,0.995377,13.800000190734863,0,1,1
12:00,CON_SSFV,1155911,1155911,0.995786,13.800000190734863,0,1,1
12:00,CON_SSFV,1155938,1155938,0.995550,13.800000190734863,0,1,1
12:00,CON_SSFV,1155946,1155946,0.995548,13.800000190734863,0,1,1
12:00,CON_SSFV,1155971,1155971,0.995549,13.800000190734863,0,1,1
12:00,CON_SSFV,1155997,1155997,0.995549,13.800000190734863,0,1,1
12:00,CON_SSFV,1157019,1157019,0.995667,13.800000190734863,0,1,1
12:00,CON_SSFV,1283235,1283235,0.997534,13.800000190734863,0,1,1
12:00,CON_SSFV,1618733,1618733,0.995376,13.800000190734863,0,1,1
12:00,CON_SSFV,1618741,1618741,0.995379,13.800000190734863,0,1,1
12:00,CON_SSFV,1618750,1618750,0.995379,13.800000190734863,0,1,1
12:00,CON_SSFV,1667238,1667238,0.996105,13.800000190734863,0,1,1
12:00,CON_SSFV,1667262,1667262,0.996207,13.800000190734863,0,1,1
12:00,CON_SSFV,220 V,220 V,0.992028,0.2199999988079071,0,1,1
12:00,CON_SSFV,2214130,2214130,0.995730,13.800000190734863,0,1,1
12:00,CON_SSFV,2214148,2214148,0.995728,13.800000190734863,0,1,1
12:00,CON_SSFV,2214156,2214156,0.995727,13.800000190734863,0,1,1
12:00,CON_SSFV,2479567,2479567,0.995310,13.800000190734863,1,1,1
12:00,CON_SSFV,2567814,2567814,0.995787,13.800000190734863,0,1,1
12:00,CON_SSFV,2567831,2567831,0.995786,13.800000190734863,0,1,1
12:00,CON_SSFV,2765811,2765811,0.998049,13.800000190734863,0,1,1
12:00,CON_SSFV,2765829,2765829,0.998034,13.800000190734863,0,1,1
12:00,CON_SSFV,2765837,2765837,0.998033,13.800000190734863,0,1,1
12:00,CON_SSFV,2789132,2789132,0.995330,13.800000190734863,0,1,1
12:00,CON_SSFV,2789141,2789141,0.995330,13.800000190734863,0,1,1
12:00,CON_SSFV,3272567,3272567,0.995317,13.800000190734863,1,1,1
12:00,CON_SSFV,3272664,3272664,0.995318,13.800000190734863,1,1,1
12:00,CON_SSFV,3272761,3272761,0.995319,13.800000190734863,1,1,1
12:00,CON_SSFV,3272869,3272869,0.995319,13.800000190734863,1,1,1
12:00,CON_SSFV,3272966,3272966,0.995319,13.800000190734863,1,1,1
12:00,CON_SSFV,3453260,3453260,0.995777,13.800000190734863,0,1,1
12:00,CON_SSFV,3453367,3453367,0.995778,13.800000190734863,0,1,1
12:00,CON_SSFV,3453464,3453464,0.995781,13.800000190734863,0,1,1
12:00,CON_SSFV,3453561,3453561,0.995786,13.800000190734863,0,1,1
12:00,CON_SSFV,3769721,3769721,0.995919,13.800000190734863,0,1,1
12:00,CON_SSFV,4249330,4249330,0.997537,13.800000190734863,0,1,1
12:00,CON_SSFV,4249348,4249348,0.997535,13.800000190734863,0,1,1
12:00,CON_SSFV,4249356,4249356,0.997530,13.800000190734863,0,1,1
12:00,CON_SSFV,4249372,4249372,0.997529,13.800000190734863,0,1,1
12:00,CON_SSFV,4938216,4938216,0.995727,13.800000190734863,0,1,1
12:00,CON_SSFV,5604524,5604524,0.997534,13.800000190734863,0,1,1
12:00,CON_SSFV,5605024,5605024,0.997543,13.800000190734863,0,1,1
12:00,CON_SSFV,5605032,5605032,0.997540,13.800000190734863,0,1,1
12:00,CON_SSFV,8338973,8338973,0.997371,13.800000190734863,0,1,1
12:00,CON_SSFV,8339155,8339155,0.997371,13.800000190734863,0,1,1
12:00,CON_SSFV,8339694,8339694,0.997371,13.800000190734863,0,1,1
12:00,CON_SSFV,8339708,8339708,0.997373,13.800000190734863,0,1,1
12:00,CON_SSFV,8795266,8795266,0.997547,13.800000190734863,0,1,1
12:00,CON_SSFV,9219013,9219013,0.995375,13.800000190734863,0,1,1
12:00,CON_SSFV,9500758,9500758,0.997552,13.800000190734863,0,1,1
12:00,CON_SSFV,9500766,9500766,0.997550,13.800000190734863,0,1,1
12:00,CON_SSFV,9500774,9500774,0.997547,13.800000190734863,0,1,1
12:00,CON_SSFV,Terminal(1),Terminal(1),1.000000,13.800000190734863,0,1,1
15:00,SIN_SSFV,1026666,1026666,0.997316,13.800000190734863,0,1,1
15:00,SIN_SSFV,1026682,1026682,0.997316,13.800000190734863,0,1,1
15:00,SIN_SSFV,1045288,1045288,0.995237,13.800000190734863,0,1,1
15:00,SIN_SSFV,1065971,1065971,0.994851,13.800000190734863,1,1,1
15:00,SIN_SSFV,1067001,1067001,0.999981,13.800000190734863,0,1,1
15:00,SIN_SSFV,1067010,1067010,0.998021,13.800000190734863,0,1,1
15:00,SIN_SSFV,1067028,1067028,0.997845,13.800000190734863,0,1,1
15:00,SIN_SSFV,1067036,1067036,0.997811,13.800000190734863,0,1,1
15:00,SIN_SSFV,1067044,1067044,0.997662,13.800000190734863,0,1,1
15:00,SIN_SSFV,1067052,1067052,0.997502,13.800000190734863,0,1,1
15:00,SIN_SSFV,1067079,1067079,0.997495,13.800000190734863,0,1,1
15:00,SIN_SSFV,1067087,1067087,0.997490,13.800000190734863,0,1,1
15:00,SIN_SSFV,1067109,1067109,0.997337,13.800000190734863,0,1,1
15:00,SIN_SSFV,1067117,1067117,0.997124,13.800000190734863,0,1,1
15:00,SIN_SSFV,1067125,1067125,0.996944,13.800000190734863,0,1,1
15:00,SIN_SSFV,1067133,1067133,0.996941,13.800000190734863,0,1,1
15:00,SIN_SSFV,1067141,1067141,0.996801,13.800000190734863,0,1,1
15:00,SIN_SSFV,1067150,1067150,0.996593,13.800000190734863,0,1,1
15:00,SIN_SSFV,1067176,1067176,0.996388,13.800000190734863,0,1,1
15:00,SIN_SSFV,1067184,1067184,0.996298,13.800000190734863,0,1,1
15:00,SIN_SSFV,1067192,1067192,0.996182,13.800000190734863,0,1,1
15:00,SIN_SSFV,1067206,1067206,0.996060,13.800000190734863,0,1,1
15:00,SIN_SSFV,1067214,1067214,0.995941,13.800000190734863,0,1,1
15:00,SIN_SSFV,1069438,1069438,0.999831,13.800000190734863,0,1,1
15:00,SIN_SSFV,1069446,1069446,0.999482,13.800000190734863,0,1,1
15:00,SIN_SSFV,1069454,1069454,0.999394,13.800000190734863,0,1,1
15:00,SIN_SSFV,1069471,1069471,0.999252,13.800000190734863,0,1,1
15:00,SIN_SSFV,1069489,1069489,0.999003,13.800000190734863,0,1,1
15:00,SIN_SSFV,1069497,1069497,0.998788,13.800000190734863,0,1,1
15:00,SIN_SSFV,1069501,1069501,0.998596,13.800000190734863,0,1,1
15:00,SIN_SSFV,1069519,1069519,0.998442,13.800000190734863,0,1,1
15:00,SIN_SSFV,1069527,1069527,0.998385,13.800000190734863,0,1,1
15:00,SIN_SSFV,1069683,1069683,0.998133,13.800000190734863,0,1,1
15:00,SIN_SSFV,1101251,1101251,0.995894,13.800000190734863,0,1,1
15:00,SIN_SSFV,1101277,1101277,0.995829,13.800000190734863,0,1,1
15:00,SIN_SSFV,1101293,1101293,0.995590,13.800000190734863,0,1,1
15:00,SIN_SSFV,1101307,1101307,0.995502,13.800000190734863,0,1,1
15:00,SIN_SSFV,1101315,1101315,0.995421,13.800000190734863,0,1,1
15:00,SIN_SSFV,1101323,1101323,0.995365,13.800000190734863,0,1,1
15:00,SIN_SSFV,1101331,1101331,0.995314,13.800000190734863,0,1,1
15:00,SIN_SSFV,1101340,1101340,0.995247,13.800000190734863,0,1,1
15:00,SIN_SSFV,1101358,1101358,0.995206,13.800000190734863,0,1,1
15:00,SIN_SSFV,1101374,1101374,0.995143,13.800000190734863,0,1,1
15:00,SIN_SSFV,1101382,1101382,0.995096,13.800000190734863,0,1,1
15:00,SIN_SSFV,1101391,1101391,0.995053,13.800000190734863,0,1,1
15:00,SIN_SSFV,1101404,1101404,0.994980,13.800000190734863,0,1,1
15:00,SIN_SSFV,1101412,1101412,0.994941,13.800000190734863,0,1,1
15:00,SIN_SSFV,1101421,1101421,0.994903,13.800000190734863,0,1,1
15:00,SIN_SSFV,1101447,1101447,0.994882,13.800000190734863,0,1,1
15:00,SIN_SSFV,1101455,1101455,0.994856,13.800000190734863,0,1,1
15:00,SIN_SSFV,1101471,1101471,0.994851,13.800000190734863,0,1,1
15:00,SIN_SSFV,1101480,1101480,0.994851,13.800000190734863,0,1,1
15:00,SIN_SSFV,1102958,1102958,0.997335,13.800000190734863,0,1,1
15:00,SIN_SSFV,1102974,1102974,0.997332,13.800000190734863,0,1,1
15:00,SIN_SSFV,1102982,1102982,0.997317,13.800000190734863,0,1,1
15:00,SIN_SSFV,1103211,1103211,0.996293,13.800000190734863,0,1,1
15:00,SIN_SSFV,1103229,1103229,0.996293,13.800000190734863,0,1,1
15:00,SIN_SSFV,1103245,1103245,0.996181,13.800000190734863,0,1,1
15:00,SIN_SSFV,1103253,1103253,0.996177,13.800000190734863,0,1,1
15:00,SIN_SSFV,1103296,1103296,0.996941,13.800000190734863,0,1,1
15:00,SIN_SSFV,1103300,1103300,0.996940,13.800000190734863,0,1,1
15:00,SIN_SSFV,1103318,1103318,0.996940,13.800000190734863,0,1,1
15:00,SIN_SSFV,1103326,1103326,0.996940,13.800000190734863,0,1,1
15:00,SIN_SSFV,1103351,1103351,0.996181,13.800000190734863,0,1,1
15:00,SIN_SSFV,1103385,1103385,0.996180,13.800000190734863,0,1,1
15:00,SIN_SSFV,1103393,1103393,0.996059,13.800000190734863,0,1,1
15:00,SIN_SSFV,1103407,1103407,0.996055,13.800000190734863,0,1,1
15:00,SIN_SSFV,1103431,1103431,0.995828,13.800000190734863,0,1,1
15:00,SIN_SSFV,1103458,1103458,0.995826,13.800000190734863,0,1,1
15:00,SIN_SSFV,1103725,1103725,0.995940,13.800000190734863,0,1,1
15:00,SIN_SSFV,1154079,1154079,0.998019,13.800000190734863,0,1,1
15:00,SIN_SSFV,1154087,1154087,0.998012,13.800000190734863,0,1,1
15:00,SIN_SSFV,1154109,1154109,0.998013,13.800000190734863,0,1,1
15:00,SIN_SSFV,1154117,1154117,0.998015,13.800000190734863,0,1,1
15:00,SIN_SSFV,1154125,1154125,0.998016,13.800000190734863,0,1,1
15:00,SIN_SSFV,1154133,1154133,0.997844,13.800000190734863,0,1,1
15:00,SIN_SSFV,1154141,1154141,0.997845,13.800000190734863,0,1,1
15:00,SIN_SSFV,1154150,1154150,0.997844,13.800000190734863,0,1,1
15:00,SIN_SSFV,1154176,1154176,0.997843,13.800000190734863,0,1,1
15:00,SIN_SSFV,1154192,1154192,0.997809,13.800000190734863,0,1,1
15:00,SIN_SSFV,1154206,1154206,0.997810,13.800000190734863,0,1,1
15:00,SIN_SSFV,1154214,1154214,0.996337,13.800000190734863,0,1,1
15:00,SIN_SSFV,1154222,1154222,0.997808,13.800000190734863,0,1,1
15:00,SIN_SSFV,1154231,1154231,0.997803,13.800000190734863,0,1,1
15:00,SIN_SSFV,1154249,1154249,0.996799,13.800000190734863,0,1,1
15:00,SIN_SSFV,1154257,1154257,0.996799,13.800000190734863,0,1,1
15:00,SIN_SSFV,1154273,1154273,0.996797,13.800000190734863,0,1,1
15:00,SIN_SSFV,1154281,1154281,0.996796,13.800000190734863,0,1,1
15:00,SIN_SSFV,1154290,1154290,0.996796,13.800000190734863,0,1,1
15:00,SIN_SSFV,1154303,1154303,0.997844,13.800000190734863,0,1,1
15:00,SIN_SSFV,1154311,1154311,0.997119,13.800000190734863,0,1,1
15:00,SIN_SSFV,1154346,1154346,0.997123,13.800000190734863,0,1,1
15:00,SIN_SSFV,1154354,1154354,0.997122,13.800000190734863,0,1,1
15:00,SIN_SSFV,1154371,1154371,0.996383,13.800000190734863,0,1,1
15:00,SIN_SSFV,1154389,1154389,0.996383,13.800000190734863,0,1,1
15:00,SIN_SSFV,1154397,1154397,0.996368,13.800000190734863,0,1,1
15:00,SIN_SSFV,1154401,1154401,0.996347,13.800000190734863,0,1,1
15:00,SIN_SSFV,1154435,1154435,0.997803,13.800000190734863,0,1,1
15:00,SIN_SSFV,1154443,1154443,0.996943,13.800000190734863,0,1,1
15:00,SIN_SSFV,1154451,1154451,0.996943,13.800000190734863,0,1,1
15:00,SIN_SSFV,1154478,1154478,0.996941,13.800000190734863,0,1,1
15:00,SIN_SSFV,1154494,1154494,0.996940,13.800000190734863,0,1,1
15:00,SIN_SSFV,1154508,1154508,0.997317,13.800000190734863,0,1,1
15:00,SIN_SSFV,1154524,1154524,0.996297,13.800000190734863,0,1,1
15:00,SIN_SSFV,1154532,1154532,0.996294,13.800000190734863,0,1,1
15:00,SIN_SSFV,1154541,1154541,0.996292,13.800000190734863,0,1,1
15:00,SIN_SSFV,1154575,1154575,0.996297,13.800000190734863,0,1,1
15:00,SIN_SSFV,1154583,1154583,0.996294,13.800000190734863,0,1,1
15:00,SIN_SSFV,1154591,1154591,0.996291,13.800000190734863,0,1,1
15:00,SIN_SSFV,1154605,1154605,0.995939,13.800000190734863,0,1,1
15:00,SIN_SSFV,1154613,1154613,0.995939,13.800000190734863,0,1,1
15:00,SIN_SSFV,1155245,1155245,0.995583,13.800000190734863,0,1,1
15:00,SIN_SSFV,1155253,1155253,0.995575,13.800000190734863,0,1,1
15:00,SIN_SSFV,1155270,1155270,0.995578,13.800000190734863,0,1,1
15:00,SIN_SSFV,1155334,1155334,0.995420,13.800000190734863,0,1,1
15:00,SIN_SSFV,1155342,1155342,0.995418,13.800000190734863,0,1,1
15:00,SIN_SSFV,1155351,1155351,0.995416,13.800000190734863,0,1,1
15:00,SIN_SSFV,1155377,1155377,0.995414,13.800000190734863,0,1,1
15:00,SIN_SSFV,1155652,1155652,0.995247,13.800000190734863,0,1,1
15:00,SIN_SSFV,1155679,1155679,0.995413,13.800000190734863,0,1,1
15:00,SIN_SSFV,1155741,1155741,0.994902,13.800000190734863,0,1,1
15:00,SIN_SSFV,1155750,1155750,0.994900,13.800000190734863,0,1,1
15:00,SIN_SSFV,1155776,1155776,0.994900,13.800000190734863,0,1,1
15:00,SIN_SSFV,1155792,1155792,0.994901,13.800000190734863,0,1,1
15:00,SIN_SSFV,1155806,1155806,0.994899,13.800000190734863,0,1,1
15:00,SIN_SSFV,1155822,1155822,0.994898,13.800000190734863,0,1,1
15:00,SIN_SSFV,1155849,1155849,0.994979,13.800000190734863,0,1,1
15:00,SIN_SSFV,1155857,1155857,0.994978,13.800000190734863,0,1,1
15:00,SIN_SSFV,1155881,1155881,0.994977,13.800000190734863,0,1,1
15:00,SIN_SSFV,1155911,1155911,0.995574,13.800000190734863,0,1,1
15:00,SIN_SSFV,1155938,1155938,0.995247,13.800000190734863,0,1,1
15:00,SIN_SSFV,1155946,1155946,0.995245,13.800000190734863,0,1,1
15:00,SIN_SSFV,1155971,1155971,0.995246,13.800000190734863,0,1,1
15:00,SIN_SSFV,1155997,1155997,0.995246,13.800000190734863,0,1,1
15:00,SIN_SSFV,1157019,1157019,0.995418,13.800000190734863,0,1,1
15:00,SIN_SSFV,1283235,1283235,0.997484,13.800000190734863,0,1,1
15:00,SIN_SSFV,1618733,1618733,0.994976,13.800000190734863,0,1,1
15:00,SIN_SSFV,1618741,1618741,0.994979,13.800000190734863,0,1,1
15:00,SIN_SSFV,1618750,1618750,0.994979,13.800000190734863,0,1,1
15:00,SIN_SSFV,1667238,1667238,0.995940,13.800000190734863,0,1,1
15:00,SIN_SSFV,1667262,1667262,0.996056,13.800000190734863,0,1,1
15:00,SIN_SSFV,220 V,220 V,0.981105,0.2199999988079071,0,1,1
15:00,SIN_SSFV,2214130,2214130,0.995501,13.800000190734863,0,1,1
15:00,SIN_SSFV,2214148,2214148,0.995498,13.800000190734863,0,1,1
15:00,SIN_SSFV,2214156,2214156,0.995498,13.800000190734863,0,1,1
15:00,SIN_SSFV,2479567,2479567,0.994851,13.800000190734863,1,1,1
15:00,SIN_SSFV,2567814,2567814,0.995574,13.800000190734863,0,1,1
15:00,SIN_SSFV,2567831,2567831,0.995574,13.800000190734863,0,1,1
15:00,SIN_SSFV,2765811,2765811,0.998012,13.800000190734863,0,1,1
15:00,SIN_SSFV,2765829,2765829,0.997998,13.800000190734863,0,1,1
15:00,SIN_SSFV,2765837,2765837,0.997996,13.800000190734863,0,1,1
15:00,SIN_SSFV,2789132,2789132,0.994899,13.800000190734863,0,1,1
15:00,SIN_SSFV,2789141,2789141,0.994899,13.800000190734863,0,1,1
15:00,SIN_SSFV,3272567,3272567,0.994853,13.800000190734863,1,1,1
15:00,SIN_SSFV,3272664,3272664,0.994847,13.800000190734863,1,1,1
15:00,SIN_SSFV,3272761,3272761,0.994844,13.800000190734863,1,1,1
15:00,SIN_SSFV,3272869,3272869,0.994843,13.800000190734863,1,1,1
15:00,SIN_SSFV,3272966,3272966,0.994842,13.800000190734863,1,1,1
15:00,SIN_SSFV,3453260,3453260,0.995565,13.800000190734863,0,1,1
15:00,SIN_SSFV,3453367,3453367,0.995566,13.800000190734863,0,1,1
15:00,SIN_SSFV,3453464,3453464,0.995568,13.800000190734863,0,1,1
15:00,SIN_SSFV,3453561,3453561,0.995574,13.800000190734863,0,1,1
15:00,SIN_SSFV,3769721,3769721,0.995725,13.800000190734863,0,1,1
15:00,SIN_SSFV,4249330,4249330,0.997487,13.800000190734863,0,1,1
15:00,SIN_SSFV,4249348,4249348,0.997485,13.800000190734863,0,1,1
15:00,SIN_SSFV,4249356,4249356,0.997480,13.800000190734863,0,1,1
15:00,SIN_SSFV,4249372,4249372,0.997478,13.800000190734863,0,1,1
15:00,SIN_SSFV,4938216,4938216,0.995497,13.800000190734863,0,1,1
15:00,SIN_SSFV,5604524,5604524,0.997483,13.800000190734863,0,1,1
15:00,SIN_SSFV,5605024,5605024,0.997492,13.800000190734863,0,1,1
15:00,SIN_SSFV,5605032,5605032,0.997489,13.800000190734863,0,1,1
15:00,SIN_SSFV,8338973,8338973,0.997314,13.800000190734863,0,1,1
15:00,SIN_SSFV,8339155,8339155,0.997315,13.800000190734863,0,1,1
15:00,SIN_SSFV,8339694,8339694,0.997314,13.800000190734863,0,1,1
15:00,SIN_SSFV,8339708,8339708,0.997316,13.800000190734863,0,1,1
15:00,SIN_SSFV,8795266,8795266,0.997496,13.800000190734863,0,1,1
15:00,SIN_SSFV,9219013,9219013,0.994976,13.800000190734863,0,1,1
15:00,SIN_SSFV,9500758,9500758,0.997501,13.800000190734863,0,1,1
15:00,SIN_SSFV,9500766,9500766,0.997499,13.800000190734863,0,1,1
15:00,SIN_SSFV,9500774,9500774,0.997496,13.800000190734863,0,1,1
15:00,SIN_SSFV,Terminal(1),Terminal(1),1.000000,13.800000190734863,0,1,1
15:00,CON_SSFV,1026666,1026666,0.997445,13.800000190734863,0,1,1
15:00,CON_SSFV,1026682,1026682,0.997446,13.800000190734863,0,1,1
15:00,CON_SSFV,1045288,1045288,0.995673,13.800000190734863,0,1,1
15:00,CON_SSFV,1065971,1065971,0.995449,13.800000190734863,1,1,1
15:00,CON_SSFV,1067001,1067001,0.999982,13.800000190734863,0,1,1
15:00,CON_SSFV,1067010,1067010,0.998112,13.800000190734863,0,1,1
15:00,CON_SSFV,1067028,1067028,0.997946,13.800000190734863,0,1,1
15:00,CON_SSFV,1067036,1067036,0.997913,13.800000190734863,0,1,1
15:00,CON_SSFV,1067044,1067044,0.997772,13.800000190734863,0,1,1
15:00,CON_SSFV,1067052,1067052,0.997621,13.800000190734863,0,1,1
15:00,CON_SSFV,1067079,1067079,0.997614,13.800000190734863,0,1,1
15:00,CON_SSFV,1067087,1067087,0.997609,13.800000190734863,0,1,1
15:00,CON_SSFV,1067109,1067109,0.997467,13.800000190734863,0,1,1
15:00,CON_SSFV,1067117,1067117,0.997271,13.800000190734863,0,1,1
15:00,CON_SSFV,1067125,1067125,0.997106,13.800000190734863,0,1,1
15:00,CON_SSFV,1067133,1067133,0.997103,13.800000190734863,0,1,1
15:00,CON_SSFV,1067141,1067141,0.996976,13.800000190734863,0,1,1
15:00,CON_SSFV,1067150,1067150,0.996789,13.800000190734863,0,1,1
15:00,CON_SSFV,1067176,1067176,0.996603,13.800000190734863,0,1,1
15:00,CON_SSFV,1067184,1067184,0.996524,13.800000190734863,0,1,1
15:00,CON_SSFV,1067192,1067192,0.996423,13.800000190734863,0,1,1
15:00,CON_SSFV,1067206,1067206,0.996318,13.800000190734863,0,1,1
15:00,CON_SSFV,1067214,1067214,0.996216,13.800000190734863,0,1,1
15:00,CON_SSFV,1069438,1069438,0.999839,13.800000190734863,0,1,1
15:00,CON_SSFV,1069446,1069446,0.999506,13.800000190734863,0,1,1
15:00,CON_SSFV,1069454,1069454,0.999422,13.800000190734863,0,1,1
15:00,CON_SSFV,1069471,1069471,0.999287,13.800000190734863,0,1,1
15:00,CON_SSFV,1069489,1069489,0.999049,13.800000190734863,0,1,1
15:00,CON_SSFV,1069497,1069497,0.998844,13.800000190734863,0,1,1
15:00,CON_SSFV,1069501,1069501,0.998661,13.800000190734863,0,1,1
15:00,CON_SSFV,1069519,1069519,0.998514,13.800000190734863,0,1,1
15:00,CON_SSFV,1069527,1069527,0.998460,13.800000190734863,0,1,1
15:00,CON_SSFV,1069683,1069683,0.998219,13.800000190734863,0,1,1
15:00,CON_SSFV,1101251,1101251,0.996176,13.800000190734863,0,1,1
15:00,CON_SSFV,1101277,1101277,0.996122,13.800000190734863,0,1,1
15:00,CON_SSFV,1101293,1101293,0.995922,13.800000190734863,0,1,1
15:00,CON_SSFV,1101307,1101307,0.995854,13.800000190734863,0,1,1
15:00,CON_SSFV,1101315,1101315,0.995794,13.800000190734863,0,1,1
15:00,CON_SSFV,1101323,1101323,0.995757,13.800000190734863,0,1,1
15:00,CON_SSFV,1101331,1101331,0.995723,13.800000190734863,0,1,1
15:00,CON_SSFV,1101340,1101340,0.995679,13.800000190734863,0,1,1
15:00,CON_SSFV,1101358,1101358,0.995654,13.800000190734863,0,1,1
15:00,CON_SSFV,1101374,1101374,0.995615,13.800000190734863,0,1,1
15:00,CON_SSFV,1101382,1101382,0.995586,13.800000190734863,0,1,1
15:00,CON_SSFV,1101391,1101391,0.995559,13.800000190734863,0,1,1
15:00,CON_SSFV,1101404,1101404,0.995515,13.800000190734863,0,1,1
15:00,CON_SSFV,1101412,1101412,0.995493,13.800000190734863,0,1,1
15:00,CON_SSFV,1101421,1101421,0.995472,13.800000190734863,0,1,1
15:00,CON_SSFV,1101447,1101447,0.995464,13.800000190734863,0,1,1
15:00,CON_SSFV,1101455,1101455,0.995454,13.800000190734863,0,1,1
15:00,CON_SSFV,1101471,1101471,0.995449,13.800000190734863,0,1,1
15:00,CON_SSFV,1101480,1101480,0.995449,13.800000190734863,0,1,1
15:00,CON_SSFV,1102958,1102958,0.997464,13.800000190734863,0,1,1
15:00,CON_SSFV,1102974,1102974,0.997461,13.800000190734863,0,1,1
15:00,CON_SSFV,1102982,1102982,0.997446,13.800000190734863,0,1,1
15:00,CON_SSFV,1103211,1103211,0.996519,13.800000190734863,0,1,1
15:00,CON_SSFV,1103229,1103229,0.996519,13.800000190734863,0,1,1
15:00,CON_SSFV,1103245,1103245,0.996421,13.800000190734863,0,1,1
15:00,CON_SSFV,1103253,1103253,0.996418,13.800000190734863,0,1,1
15:00,CON_SSFV,1103296,1103296,0.997103,13.800000190734863,0,1,1
15:00,CON_SSFV,1103300,1103300,0.997103,13.800000190734863,0,1,1
15:00,CON_SSFV,1103318,1103318,0.997102,13.800000190734863,0,1,1
15:00,CON_SSFV,1103326,1103326,0.997102,13.800000190734863,0,1,1
15:00,CON_SSFV,1103351,1103351,0.996422,13.800000190734863,0,1,1
15:00,CON_SSFV,1103385,1103385,0.996421,13.800000190734863,0,1,1
15:00,CON_SSFV,1103393,1103393,0.996317,13.800000190734863,0,1,1
15:00,CON_SSFV,1103407,1103407,0.996313,13.800000190734863,0,1,1
15:00,CON_SSFV,1103431,1103431,0.996121,13.800000190734863,0,1,1
15:00,CON_SSFV,1103458,1103458,0.996119,13.800000190734863,0,1,1
15:00,CON_SSFV,1103725,1103725,0.996215,13.800000190734863,0,1,1
15:00,CON_SSFV,1154079,1154079,0.998110,13.800000190734863,0,1,1
15:00,CON_SSFV,1154087,1154087,0.998103,13.800000190734863,0,1,1
15:00,CON_SSFV,1154109,1154109,0.998104,13.800000190734863,0,1,1
15:00,CON_SSFV,1154117,1154117,0.998106,13.800000190734863,0,1,1
15:00,CON_SSFV,1154125,1154125,0.998107,13.800000190734863,0,1,1
15:00,CON_SSFV,1154133,1154133,0.997944,13.800000190734863,0,1,1
15:00,CON_SSFV,1154141,1154141,0.997945,13.800000190734863,0,1,1
15:00,CON_SSFV,1154150,1154150,0.997944,13.800000190734863,0,1,1
15:00,CON_SSFV,1154176,1154176,0.997943,13.800000190734863,0,1,1
15:00,CON_SSFV,1154192,1154192,0.997911,13.800000190734863,0,1,1
15:00,CON_SSFV,1154206,1154206,0.997912,13.800000190734863,0,1,1
15:00,CON_SSFV,1154214,1154214,0.996552,13.800000190734863,0,1,1
15:00,CON_SSFV,1154222,1154222,0.997910,13.800000190734863,0,1,1
15:00,CON_SSFV,1154231,1154231,0.997906,13.800000190734863,0,1,1
15:00,CON_SSFV,1154249,1154249,0.996975,13.800000190734863,0,1,1
15:00,CON_SSFV,1154257,1154257,0.996974,13.800000190734863,0,1,1
15:00,CON_SSFV,1154273,1154273,0.996973,13.800000190734863,0,1,1
15:00,CON_SSFV,1154281,1154281,0.996971,13.800000190734863,0,1,1
15:00,CON_SSFV,1154290,1154290,0.996972,13.800000190734863,0,1,1
15:00,CON_SSFV,1154303,1154303,0.997944,13.800000190734863,0,1,1
15:00,CON_SSFV,1154311,1154311,0.997266,13.800000190734863,0,1,1
15:00,CON_SSFV,1154346,1154346,0.997270,13.800000190734863,0,1,1
15:00,CON_SSFV,1154354,1154354,0.997269,13.800000190734863,0,1,1
15:00,CON_SSFV,1154371,1154371,0.996597,13.800000190734863,0,1,1
15:00,CON_SSFV,1154389,1154389,0.996598,13.800000190734863,0,1,1
15:00,CON_SSFV,1154397,1154397,0.996583,13.800000190734863,0,1,1
15:00,CON_SSFV,1154401,1154401,0.996562,13.800000190734863,0,1,1
15:00,CON_SSFV,1154435,1154435,0.997905,13.800000190734863,0,1,1
15:00,CON_SSFV,1154443,1154443,0.997106,13.800000190734863,0,1,1
15:00,CON_SSFV,1154451,1154451,0.997105,13.800000190734863,0,1,1
15:00,CON_SSFV,1154478,1154478,0.997103,13.800000190734863,0,1,1
15:00,CON_SSFV,1154494,1154494,0.997102,13.800000190734863,0,1,1
15:00,CON_SSFV,1154508,1154508,0.997447,13.800000190734863,0,1,1
15:00,CON_SSFV,1154524,1154524,0.996522,13.800000190734863,0,1,1
15:00,CON_SSFV,1154532,1154532,0.996519,13.800000190734863,0,1,1
15:00,CON_SSFV,1154541,1154541,0.996517,13.800000190734863,0,1,1
15:00,CON_SSFV,1154575,1154575,0.996523,13.800000190734863,0,1,1
15:00,CON_SSFV,1154583,1154583,0.996520,13.800000190734863,0,1,1
15:00,CON_SSFV,1154591,1154591,0.996517,13.800000190734863,0,1,1
15:00,CON_SSFV,1154605,1154605,0.996214,13.800000190734863,0,1,1
15:00,CON_SSFV,1154613,1154613,0.996214,13.800000190734863,0,1,1
15:00,CON_SSFV,1155245,1155245,0.995916,13.800000190734863,0,1,1
15:00,CON_SSFV,1155253,1155253,0.995907,13.800000190734863,0,1,1
15:00,CON_SSFV,1155270,1155270,0.995910,13.800000190734863,0,1,1
15:00,CON_SSFV,1155334,1155334,0.995793,13.800000190734863,0,1,1
15:00,CON_SSFV,1155342,1155342,0.995791,13.800000190734863,0,1,1
15:00,CON_SSFV,1155351,1155351,0.995789,13.800000190734863,0,1,1
15:00,CON_SSFV,1155377,1155377,0.995787,13.800000190734863,0,1,1
15:00,CON_SSFV,1155652,1155652,0.995679,13.800000190734863,0,1,1
15:00,CON_SSFV,1155679,1155679,0.995786,13.800000190734863,0,1,1
15:00,CON_SSFV,1155741,1155741,0.995471,13.800000190734863,0,1,1
15:00,CON_SSFV,1155750,1155750,0.995469,13.800000190734863,0,1,1
15:00,CON_SSFV,1155776,1155776,0.995469,13.800000190734863,0,1,1
15:00,CON_SSFV,1155792,1155792,0.995470,13.800000190734863,0,1,1
15:00,CON_SSFV,1155806,1155806,0.995468,13.800000190734863,0,1,1
15:00,CON_SSFV,1155822,1155822,0.995467,13.800000190734863,0,1,1
15:00,CON_SSFV,1155849,1155849,0.995514,13.800000190734863,0,1,1
15:00,CON_SSFV,1155857,1155857,0.995513,13.800000190734863,0,1,1
15:00,CON_SSFV,1155881,1155881,0.995512,13.800000190734863,0,1,1
15:00,CON_SSFV,1155911,1155911,0.995906,13.800000190734863,0,1,1
15:00,CON_SSFV,1155938,1155938,0.995679,13.800000190734863,0,1,1
15:00,CON_SSFV,1155946,1155946,0.995676,13.800000190734863,0,1,1
15:00,CON_SSFV,1155971,1155971,0.995678,13.800000190734863,0,1,1
15:00,CON_SSFV,1155997,1155997,0.995678,13.800000190734863,0,1,1
15:00,CON_SSFV,1157019,1157019,0.995791,13.800000190734863,0,1,1
15:00,CON_SSFV,1283235,1283235,0.997603,13.800000190734863,0,1,1
15:00,CON_SSFV,1618733,1618733,0.995511,13.800000190734863,0,1,1
15:00,CON_SSFV,1618741,1618741,0.995514,13.800000190734863,0,1,1
15:00,CON_SSFV,1618750,1618750,0.995514,13.800000190734863,0,1,1
15:00,CON_SSFV,1667238,1667238,0.996215,13.800000190734863,0,1,1
15:00,CON_SSFV,1667262,1667262,0.996313,13.800000190734863,0,1,1
15:00,CON_SSFV,220 V,220 V,0.992371,0.2199999988079071,0,1,1
15:00,CON_SSFV,2214130,2214130,0.995852,13.800000190734863,0,1,1
15:00,CON_SSFV,2214148,2214148,0.995849,13.800000190734863,0,1,1
15:00,CON_SSFV,2214156,2214156,0.995849,13.800000190734863,0,1,1
15:00,CON_SSFV,2479567,2479567,0.995449,13.800000190734863,1,1,1
15:00,CON_SSFV,2567814,2567814,0.995907,13.800000190734863,0,1,1
15:00,CON_SSFV,2567831,2567831,0.995906,13.800000190734863,0,1,1
15:00,CON_SSFV,2765811,2765811,0.998103,13.800000190734863,0,1,1
15:00,CON_SSFV,2765829,2765829,0.998089,13.800000190734863,0,1,1
15:00,CON_SSFV,2765837,2765837,0.998087,13.800000190734863,0,1,1
15:00,CON_SSFV,2789132,2789132,0.995468,13.800000190734863,0,1,1
15:00,CON_SSFV,2789141,2789141,0.995467,13.800000190734863,0,1,1
15:00,CON_SSFV,3272567,3272567,0.995455,13.800000190734863,1,1,1
15:00,CON_SSFV,3272664,3272664,0.995457,13.800000190734863,1,1,1
15:00,CON_SSFV,3272761,3272761,0.995458,13.800000190734863,1,1,1
15:00,CON_SSFV,3272869,3272869,0.995458,13.800000190734863,1,1,1
15:00,CON_SSFV,3272966,3272966,0.995459,13.800000190734863,1,1,1
15:00,CON_SSFV,3453260,3453260,0.995897,13.800000190734863,0,1,1
15:00,CON_SSFV,3453367,3453367,0.995898,13.800000190734863,0,1,1
15:00,CON_SSFV,3453464,3453464,0.995900,13.800000190734863,0,1,1
15:00,CON_SSFV,3453561,3453561,0.995906,13.800000190734863,0,1,1
15:00,CON_SSFV,3769721,3769721,0.996035,13.800000190734863,0,1,1
15:00,CON_SSFV,4249330,4249330,0.997606,13.800000190734863,0,1,1
15:00,CON_SSFV,4249348,4249348,0.997603,13.800000190734863,0,1,1
15:00,CON_SSFV,4249356,4249356,0.997598,13.800000190734863,0,1,1
15:00,CON_SSFV,4249372,4249372,0.997597,13.800000190734863,0,1,1
15:00,CON_SSFV,4938216,4938216,0.995849,13.800000190734863,0,1,1
15:00,CON_SSFV,5604524,5604524,0.997602,13.800000190734863,0,1,1
15:00,CON_SSFV,5605024,5605024,0.997611,13.800000190734863,0,1,1
15:00,CON_SSFV,5605032,5605032,0.997608,13.800000190734863,0,1,1
15:00,CON_SSFV,8338973,8338973,0.997444,13.800000190734863,0,1,1
15:00,CON_SSFV,8339155,8339155,0.997444,13.800000190734863,0,1,1
15:00,CON_SSFV,8339694,8339694,0.997444,13.800000190734863,0,1,1
15:00,CON_SSFV,8339708,8339708,0.997445,13.800000190734863,0,1,1
15:00,CON_SSFV,8795266,8795266,0.997615,13.800000190734863,0,1,1
15:00,CON_SSFV,9219013,9219013,0.995511,13.800000190734863,0,1,1
15:00,CON_SSFV,9500758,9500758,0.997619,13.800000190734863,0,1,1
15:00,CON_SSFV,9500766,9500766,0.997617,13.800000190734863,0,1,1
15:00,CON_SSFV,9500774,9500774,0.997615,13.800000190734863,0,1,1
15:00,CON_SSFV,Terminal(1),Terminal(1),1.000000,13.800000190734863,0,1,1
