linea,de,a,nodo_de,nodo_a,L_km,conductor,In_kA,en_pdf
5105,1067001D,1069438,1067001,1069438,0.0423,3F_15_ACSR_4/0_AIRE,0.355,SI
5106,1069438,1069446,1069438,1069446,0.0981,3F_15_ACSR_4/0_AIRE,0.355,SI
5108,1069446,1069454,1069446,1069454,0.0247,3F_15_ACSR_4/0_AIRE,0.355,SI
5109,1069454,1069471C,1069454,1069471,0.04,3F_15_ACSR_4/0_AIRE,0.355,SI
5110,1069471C,1069489,1069471,1069489,0.0702,3F_15_ACSR_4/0_AIRE,0.355,SI
5111,1069489,1069497,1069489,1069497,0.0604,3F_15_ACSR_4/0_AIRE,0.355,SI
5112,1069497,1069501,1069497,1069501,0.054,3F_15_ACSR_4/0_AIRE,0.355,SI
5113,1069501,1069519,1069501,1069519,0.0434,3F_15_ACSR_4/0_AIRE,0.355,SI
5117,1069519,1069527,1069519,1069527,0.0159,3F_15_ACSR_4/0_AIRE,0.355,SI
5118,1069527,1069683,1069527,1069683,0.071,3F_15_ACSR_4/0_AIRE,0.355,SI
5120,1069683,1067010A,1069683,1067010,0.0317,3F_15_ACSR_4/0_AIRE,0.355,SI
5127,1067010A,1067028A,1067010,1067028,0.0563,3F_15_ACSR_4/0_AIRE,0.355,SI
5128,1067028A,1067036A,1067028,1067036,0.0113,3F_15_ACSR_4/0_AIRE,0.355,SI
5129,1067036A,1067044,1067036,1067044,0.0498,3F_15_ACSR_4/0_AIRE,0.355,SI
5130,1067044,1067052A,1067044,1067052,0.0536,3F_15_ACSR_4/0_AIRE,0.355,SI
5131,1067052A,1067052B,1067052,1067052,0.0012,3F_15_ACSR_2/0_AIRE,0.275,NO
5132,1067052B,1067079A,1067052,1067079,0.0145,3F_15_ACSR_2/0_AIRE,0.275,SI
5133,1067079A,1067079B,1067079,1067079,0.0012,3F_15_ACSR_2/0_AIRE,0.275,NO
5134,1067079B,1067079C,1067079,1067079,0.0012,3F_15_ACSR_2/0_AIRE,0.275,NO
5136,1067079C,1067087A,1067079,1067087,0.02,3F_15_ACSR_2/0_AIRE,0.275,SI
5140,1067052A,1067109A,1067052,1067109,0.0655,3F_15_ACSR_4/0_AIRE,0.355,SI
5141,1067109A,1067109B,1067109,1067109,0.0012,3F_15_ACSR_4/0_AIRE,0.355,NO
5142,1067109B,1067117A,1067109,1067117,0.0676,3F_15_ACSR_2/0_AIRE,0.275,SI
5143,1067117A,1067125A,1067117,1067125,0.0583,3F_15_ACSR_2/0_AIRE,0.275,SI
5144,1067125A,1067125B,1067125,1067125,0.0012,3F_15_ACSR_4/0_AIRE,0.355,NO
5145,1067125B,1067133A,1067125,1067133,0.018,3F_15_ACSR_2/0_ECO,0.295,SI
5146,1067133A,1067133B,1067133,1067133,0.0012,3F_15_ACSR_2/0_ECO,0.295,NO
5147,1067125A,1067141A,1067125,1067141,0.0502,3F_15_ACSR_2/0_AIRE,0.275,SI
5148,1067141A,1067150,1067141,1067150,0.0631,3F_15_ACSR_1/0_AIRE,0.241,SI
5153,1067150,1067176A,1067150,1067176,0.0738,3F_15_ACSR_2/0_AIRE,0.275,SI
5154,1067176A,1067184A,1067176,1067184,0.0415,3F_15_ACSR_2/0_AIRE,0.275,SI
5155,1067184A,1067184B,1067184,1067184,0.0012,3F_15_ACSR_2/0_AIRE,0.275,NO
5156,1067184B,1067192A,1067184,1067192,0.0589,3F_15_ACSR_2/0_AIRE,0.275,SI
5157,1067192A,1067206A,1067192,1067206,0.0649,3F_15_ACSR_2/0_AIRE,0.275,SI
5158,1067206A,1067214A,1067206,1067214,0.0677,3F_15_ACSR_2/0_AIRE,0.275,SI
5280,1067214A,1101251A,1067214,1101251,0.027,3F_15_ACSR_2/0_AIRE,0.275,SI
5281,1101251D,1101277A,1101251,1101277,0.0313,3F_15_ACSR_1/0_AIRE,0.241,SI
5282,1101277A,3769721,1101277,3769721,0.0529,3F_15_ACSR_1/0_AIRE,0.241,SI
5283,3769721,1101293A,3769721,1101293,0.0685,3F_15_ACSR_1/0_AIRE,0.241,SI
5284,1101293A,1101293B,1101293,1101293,0.0012,3F_15_ACSR_1/0_AIRE,0.241,NO
5285,1101293B,1101307A,1101293,1101307,0.058,3F_15_ACSR_1/0_AIRE,0.241,SI
5286,1101307A,1101307B,1101307,1101307,0.0012,3F_15_ACSR_1/0_AIRE,0.241,NO
5287,1101307B,1101315A,1101307,1101315,0.0666,3F_15_ACSR_1/0_AIRE,0.241,SI
5288,1101315A,1101323,1101315,1101323,0.0583,3F_15_ACSR_1/0_AIRE,0.241,SI
5289,1101323,1101331,1101323,1101331,0.0532,3F_15_ACSR_1/0_AIRE,0.241,SI
5290,1101331,1101340A,1101331,1101340,0.0689,3F_15_ACSR_1/0_AIRE,0.241,SI
5291,1101340A,1045288,1101340,1045288,0.0122,3F_15_ACSR_1/0_AIRE,0.241,SI
5292,1045288,1101358,1045288,1101358,0.0368,3F_15_ACSR_1/0_AIRE,0.241,SI
5294,1101358,1101374A,1101358,1101374,0.0736,3F_15_ACSR_1/0_AIRE,0.241,SI
5295,1101374A,1101382A,1101374,1101382,0.0557,3F_15_ACSR_1/0_AIRE,0.241,SI
5296,1101382A,1101391A,1101382,1101391,0.0513,3F_15_ACSR_1/0_AIRE,0.241,SI
5297,1101404A,1101412,1101404,1101412,0.0539,3F_15_ACSR_1/0_AIRE,0.241,SI
5298,1101412,1101421A,1101412,1101421,0.0506,3F_15_ACSR_1/0_AIRE,0.241,SI
5299,1101421A,1101421B,1101421,1101421,0.0012,3F_15_ACSR_1/0_AIRE,0.241,NO
5300,1101421B,1101447D,1101421,1101447,0.0397,3F_15_ACSR_1/0_AIRE,0.241,SI
5304,1101480B,1065971D,1101480,1065971,0.0426,3F_15_ACSR_1/0_AIRE,0.241,SI
5373,1101404A,1101391A,1101404,1101391,0.0851,3F_15_ACSR_1/0_AIRE,0.241,SI
9137,1067028B,1154141,1067028,1154141,0.0165,3F_15_CU_2_XLPE,0.155,SI
9138,1154141,1154150,1154141,1154150,0.021,3F_15_CU_2_XLPE,0.155,SI
9139,1154150,1154133,1154150,1154133,0.043,3F_15_CU_2_XLPE,0.155,SI
9140,1154133,1154303,1154133,1154303,0.0083,3F_15_CU_2_XLPE,0.155,SI
9141,1067028C,1154141,1067028,1154141,0.0165,3F_15_CU_2_XLPE,0.155,SI
9142,1154141,1154150,1154141,1154150,0.021,3F_15_CU_2_XLPE,0.155,SI
9143,1154150,1154176A,1154150,1154176,0.0089,3F_15_CU_2_XLPE,0.155,SI
9253,1067010C,1154079,1067010,1154079,0.0165,3F_15_CU_2_XLPE,0.155,SI
9254,1154079,1154125,1154079,1154125,0.0356,3F_15_CU_2_XLPE,0.155,SI
9256,1154125,1154117,1154125,1154117,0.0127,3F_15_CU_2_XLPE,0.155,SI
9257,1154117,1154109,1154117,1154109,0.0206,3F_15_CU_2_XLPE,0.155,SI
9258,1154109,1154087A,1154109,1154087,0.008,3F_15_CU_2_XLPE,0.155,SI
9264,1067036B,1154206,1067036,1154206,0.0165,3F_15_CU_2_XLPE,0.155,SI
9265,1154206,1154192,1154206,1154192,0.0216,3F_15_CU_2_XLPE,0.155,SI
9266,1154192,1154222,1154192,1154222,0.0128,3F_15_CU_2_XLPE,0.155,SI
9267,1154222,1154231,1154222,1154231,0.0635,3F_15_CU_2_XLPE,0.155,SI
9268,1154231,1154435A,1154231,1154435,0.0024,3F_15_CU_2_XLPE,0.155,SI
9274,1067141C,1154249,1067141,1154249,0.0165,3F_15_CU_2_XLPE,0.155,SI
9275,1154249,1154257,1154249,1154257,0.0039,3F_15_CU_2_XLPE,0.155,SI
9276,1154257,1154273,1154257,1154273,0.0166,3F_15_CU_2_XLPE,0.155,SI
9277,1154273,1154290A,1154273,1154290,0.01,3F_15_CU_2_XLPE,0.155,SI
9299,1067109C,1102958,1067109,1102958,0.0165,3F_15_CU_2_XLPE,0.155,SI
9300,1102958,1102974A,1102958,1102974,0.014,3F_15_CU_2_XLPE,0.155,SI
9301,1102974A,1154508,1102974,1154508,0.0697,3F_15_CU_2_XLPE,0.155,SI
9302,1154508,1102982A,1154508,1102982,0.0075,3F_15_CU_2_XLPE,0.155,SI
9320,1067125C,1154443,1067125,1154443,0.0165,3F_15_CU_2_XLPE,0.155,SI
9321,1154443,1154451,1154443,1154451,0.0128,3F_15_CU_2_XLPE,0.155,SI
9322,1154451,1154478,1154451,1154478,0.0184,3F_15_CU_2_XLPE,0.155,SI
9323,1154478,1154494A,1154478,1154494,0.0243,3F_15_CU_2_XLPE,0.155,SI
9341,1067184D,1154575,1067184,1154575,0.0165,3F_15_CU_2_XLPE,0.155,SI
9342,1067184C,1154575,1067184,1154575,0.0165,3F_15_CU_2_XLPE,0.155,SI
9343,1154575,1154583,1154575,1154583,0.0186,3F_15_CU_2_XLPE,0.155,SI
9344,1154575,1154583,1154575,1154583,0.0186,3F_15_CU_2_XLPE,0.155,SI
9345,1154583,1154591A,1154583,1154591,0.0221,3F_15_CU_2_XLPE,0.155,SI
9351,1154583,1103211,1154583,1103211,0.0212,3F_15_CU_2_XLPE,0.155,SI
9352,1103211,1103229A,1103211,1103229,0.0162,3F_15_CU_2_XLPE,0.155,SI
9783,1067117B,1154346,1067117,1154346,0.0165,3F_15_CU_2_XLPE,0.155,SI
9784,1154346,1154354,1154346,1154354,0.0102,3F_15_CU_2_XLPE,0.155,SI
9785,1154354,1154311A,1154354,1154311,0.023,3F_15_CU_2_XLPE,0.155,SI
9811,1067133C,1103296,1067133,1103296,0.012,3F_15_CU_2_XLPE,0.155,SI
9822,1103296,1103300,1103296,1103300,0.009,3F_15_CU_2_XLPE,0.155,SI
9823,1103300,1103326,1103300,1103326,0.016,3F_15_CU_2_XLPE,0.155,SI
9824,1103326,1103318A,1103326,1103318,0.0007,3F_15_CU_2_XLPE,0.155,SI
9839,1067176B,1154389,1067176,1154389,0.0165,3F_15_CU_2_XLPE,0.155,SI
9840,1067176C,1154371,1067176,1154371,0.0165,3F_15_CU_2_XLPE,0.155,SI
9841,1154389,1154397,1154389,1154397,0.0412,3F_15_CU_2_XLPE,0.155,SI
9842,1154371,1154397,1154371,1154397,0.04,3F_15_CU_2_XLPE,0.155,SI
9843,1154397,1154401A,1154397,1154401,0.0414,3F_15_CU_2_XLPE,0.155,SI
9844,1154397,1154214A,1154397,1154214,0.0638,3F_15_CU_2_XLPE,0.155,SI
9944,1067184E,1154524,1067184,1154524,0.0165,3F_15_CU_2_XLPE,0.155,SI
9945,1154524,1154532,1154524,1154532,0.0322,3F_15_CU_2_XLPE,0.155,SI
9946,1154532,1154541A,1154532,1154541,0.0187,3F_15_CU_2_XLPE,0.155,SI
9949,1067192B,1103245,1067192,1103245,0.0165,3F_15_CU_2_XLPE,0.155,SI
9950,1103245,1103253A,1103245,1103253,0.0313,3F_15_CU_2_XLPE,0.155,SI
9966,1067192C,1103351,1067192,1103351,0.0165,3F_15_CU_2_XLPE,0.155,SI
9967,1103351,1103385A,1103351,1103385,0.0226,3F_15_CU_2_XLPE,0.155,SI
9989,1067206B,1103393,1067206,1103393,0.0165,3F_15_CU_2_XLPE,0.155,SI
9990,1103393,1667262,1103393,1667262,0.025,3F_15_CU_2_XLPE,0.155,SI
9991,1667262,1103407A,1667262,1103407,0.0035,3F_15_CU_2_XLPE,0.155,SI
10400,1103458A,1103458B,1103458,1103458,0.0012,3F_15_CU_2_XLPE,0.155,NO
10833,1101293C,1155245,1101293,1155245,0.0165,3F_15_CU_2_XLPE,0.155,SI
10834,1155245,1155270,1155245,1155270,0.02,3F_15_CU_2_XLPE,0.155,SI
10835,1155270,1155253,1155270,1155253,0.0214,3F_15_CU_2_XLPE,0.155,SI
10836,1155253,1155911A,1155253,1155911,0.0062,3F_15_CU_2_XLPE,0.155,SI
10941,1101315C,1155334,1101315,1155334,0.0165,3F_15_CU_2_XLPE,0.155,SI
10942,1155334,1155342,1155334,1155342,0.0199,3F_15_CU_2_XLPE,0.155,SI
10943,1155342,1155351,1155342,1155351,0.0139,3F_15_CU_2_XLPE,0.155,SI
10944,1155351,1155377,1155351,1155377,0.0224,3F_15_CU_2_XLPE,0.155,SI
10945,1155377,1155679A,1155377,1155679,0.0081,3F_15_CU_2_XLPE,0.155,SI
10978,1101315D,1155334,1101315,1155334,0.0165,3F_15_CU_2_XLPE,0.155,SI
10979,1155334,1157019A,1155334,1157019,0.0143,3F_15_CU_2_XLPE,0.155,SI
11284,1101421D,1155741,1101421,1155741,0.0165,3F_15_CU_2_XLPE,0.155,SI
11285,1155741,1155750,1155741,1155750,0.026,3F_15_CU_2_XLPE,0.155,SI
11286,1155750,1155776B,1155750,1155776,0.0044,3F_15_CU_2_XLPE,0.155,SI
11287,1101421C,1155741,1101421,1155741,0.0165,3F_15_CU_2_XLPE,0.155,SI
11288,1155741,1155792,1155741,1155792,0.0191,3F_15_CU_2_XLPE,0.155,SI
11289,1155792,1155806,1155792,1155806,0.0352,3F_15_CU_2_XLPE,0.155,SI
11290,1155806,1155822A,1155806,1155822,0.0081,3F_15_CU_2_XLPE,0.155,SI
11342,1101404B,1155849,1101404,1155849,0.0165,3F_15_CU_2_XLPE,0.155,SI
11343,1155849,1155857,1155849,1155857,0.0221,3F_15_CU_2_XLPE,0.155,SI
11344,1155857,1155881A,1155857,1155881,0.0077,3F_15_CU_2_XLPE,0.155,SI
11381,1101340B,1155938,1101340,1155938,0.0165,3F_15_CU_2_XLPE,0.155,SI
11382,1155938,1155946A,1155938,1155946,0.0316,3F_15_CU_2_XLPE,0.155,SI
11383,1101340C,1155652,1101340,1155652,0.0165,3F_15_CU_2_XLPE,0.155,SI
11384,1155652,1155971,1155652,1155971,0.0117,3F_15_CU_2_XLPE,0.155,SI
11385,1155971,1155997A,1155971,1155997,0.0039,3F_15_CU_2_XLPE,0.155,SI
15348,1067214B,1667238,1067214,1667238,0.0165,3F_15_CU_2_XLPE,0.155,SI
15349,1667238,1103725,1667238,1103725,0.0256,3F_15_CU_350_XLPE,0.39,SI
15350,1103725,1154605,1103725,1154605,0.0193,3F_15_CU_2_XLPE,0.155,SI
15351,1154605,1154613A,1154605,1154613,0.005,3F_15_CU_2_XLPE,0.155,SI
21781,1101307D,2214130,1101307,2214130,0.012,3F_15_CU_1/0_XLPE,0.2,SI
21782,2214130,2214148,2214130,2214148,0.0203,3F_15_CU_1/0_XLPE,0.2,SI
21783,2214148,2214156A,2214148,2214156,0.0078,3F_15_CU_1/0_XLPE,0.2,SI
26711,1155270,1155253,1155270,1155253,0.0214,3F_15_CU_2_XLPE,0.155,SI
26712,1155253,2567814,1155253,2567814,0.0054,3F_15_CU_2_XLPE,0.155,SI
26713,2567814,2567831A,2567814,2567831,0.0058,3F_15_CU_2_XLPE,0.155,SI
26922,1101455A,1101455E,1101455,1101455,0.0012,3F_15_ACSR_1/0_AIRE,0.241,NO
40905,1067010E,2765811,1067010,2765811,0.0165,3F_15_CU_2_XLPE,0.155,SI
40906,2765811,2765829,2765811,2765829,0.0206,3F_15_CU_2_XLPE,0.155,SI
40907,2765829,2765837A,2765829,2765837,0.0024,3F_15_CU_2_XLPE,0.155,SI
47594,1101421G,1155741,1101421,1155741,0.0165,3F_15_CU_2_XLPE,0.155,SI
47595,1155741,1155750,1155741,1155750,0.026,3F_15_CU_2_XLPE,0.155,SI
47596,1155750,2789132A,1155750,2789132,0.0332,3F_15_CU_2_XLPE,0.155,SI
47597,2789132A,2789141A,2789132,2789141,0.0096,3F_15_CU_2_XLPE,0.155,SI
714206,1067087C,4249330,1067087,4249330,0.012,3F_15_CU_2_XLPE,0.155,SI
714207,4249330,4249348,4249330,4249348,0.0085,3F_15_CU_2_XLPE,0.155,SI
714208,4249348,4249356,4249348,4249356,0.0111,3F_15_CU_2_XLPE,0.155,SI
714209,4249356,4249372A,4249356,4249372,0.0025,3F_15_CU_2_XLPE,0.155,SI
714525,4938216A,2214148,4938216,2214148,0.0133,3F_15_CU_2/0_XLPE,0.23,SI
717305,1154508,1026682,1154508,1026682,0.0122,3F_15_ACSR_2_AIRE,0.184,SI
717306,1026666A,1026682,1026666,1026682,0.0063,3F_15_ACSR_2_AIRE,0.184,SI
720189,1067079F,5605024,1067079,5605024,0.012,3F_15_CU_2_XLPE,0.155,SI
720190,5605024,5605032,5605024,5605032,0.0097,3F_15_CU_2_XLPE,0.155,SI
720191,5605032,4249330,5605032,4249330,0.0107,3F_15_CU_2_XLPE,0.155,SI
720192,4249330,4249348,4249330,4249348,0.0085,3F_15_CU_2_XLPE,0.155,SI
720193,4249348,1283235,4249348,1283235,0.0122,3F_15_CU_2_XLPE,0.155,SI
720194,5604524A,1283235,5604524,1283235,0.0104,3F_15_CU_2_XLPE,0.155,SI
725649,8338973A,8339694,8338973,8339694,0.0023,3F_15_CU_2_XLPE,0.155,SI
725650,8339694,8339155,8339694,8339155,0.0026,3F_15_CU_2_XLPE,0.155,SI
725659,8339155,8339708,8339155,8339708,0.0128,3F_15_CU_2_XLPE,0.155,SI
725660,8339708,1154508,8339708,1154508,0.0116,3F_15_CU_2_XLPE,0.155,SI
741064,1155245,1155270,1155245,1155270,0.02,3F_15_CU_2_XLPE,0.155,SI
747634,4249372B,4249372D,4249372,4249372,0.0012,3F_15_CU_2_XLPE,0.155,NO
764757,1067052F,9500758,1067052,9500758,0.012,3F_15_CU_2_XLPE,0.155,SI
764758,9500758,9500766,9500758,9500766,0.021,3F_15_CU_2_XLPE,0.155,SI
764759,9500766,9500774,9500766,9500774,0.0221,3F_15_CU_2_XLPE,0.155,SI
764760,9500774,8795266A,9500774,8795266,0.0064,3F_15_CU_2_XLPE,0.155,SI
783432,1154176A,1154176C,1154176,1154176,0.0012,3F_15_CU_2_XLPE,0.155,NO
783433,1154176D,1154176B,1154176,1154176,0.0012,3F_15_CU_2_XLPE,0.155,NO
791042,1101404B,1618750,1101404,1618750,0.0165,3F_15_CU_2_XLPE,0.155,SI
791043,1618750,1618741,1618750,1618741,0.0029,3F_15_CU_2_XLPE,0.155,SI
791044,1618741,1618733,1618741,1618733,0.0434,3F_15_CU_2_XLPE,0.155,SI
791045,1618733,9219013A,1618733,9219013,0.0087,3F_15_CU_2_XLPE,0.155,SI
796468,1155679A,1155679B,1155679,1155679,0.0012,3F_15_CU_2_XLPE,0.155,NO
802784,1101251A,1101251E,1101251,1101251,0.0012,3F_15_ACSR_2/0_AIRE,0.275,NO
804306,10 502_Term,1067001C,10 502_Term,1067001,0.014,3F_15_CU_350_XLPE,0.39,SI
806782,1154290B,1154290C,1154290,1154290,0.0012,3F_15_CU_2_XLPE,0.155,NO
806799,1154290C,1154281A,1154290,1154281,0.004,3F_15_CU_2_XLPE,0.155,SI
807671,1101455G,3272567,1101455,3272567,0.016,3F_15_CU_2_XLPE,0.155,SI
807672,3272567,3272664,3272567,3272664,0.0183,3F_15_CU_2_XLPE,0.155,SI
807673,3272664,3272761,3272664,3272761,0.0077,3F_15_CU_2_XLPE,0.155,SI
807674,3272761,3272869,3272761,3272869,0.004,3F_15_CU_2_XLPE,0.155,SI
807675,3272869,3272966A,3272869,3272966,0.003,3F_15_CU_2_XLPE,0.155,SI
812080,1155270,3453561,1155270,3453561,0.016,3F_15_CU_2_XLPE,0.155,SI
812081,3453561,3453464,3453561,3453464,0.0205,3F_15_CU_2_XLPE,0.155,SI
812082,3453464,3453367,3453464,3453367,0.0086,3F_15_CU_2_XLPE,0.155,SI
812083,3453367,3453260A,3453367,3453260,0.0034,3F_15_CU_2_XLPE,0.155,SI
825166,1101277B,1103431,1101277,1103431,0.0165,3F_15_CU_2_XLPE,0.155,SI
825167,1103431,1103458A,1103431,1103458,0.0299,3F_15_CU_2_XLPE,0.155,SI
828934,1101447A,1101455A,1101447,1101455,0.0493,3F_15_CU_4/0_XLPE,0.295,SI
828942,1101455E,1101471A,1101455,1101471,0.0652,3F_15_CU_4/0_XLPE,0.295,SI
828945,1101471A,1101480A,1101471,1101480,0.0708,3F_15_CU_4/0_XLPE,0.295,SI
828948,1101480A,2479567B,1101480,2479567,0.0493,3F_15_CU_4/0_XLPE,0.295,SI
830652,1101382D,1101382E,1101382,1101382,0.0012,3F_15_CU_2_XLPE,0.155,NO
830653,1101382E,4637844,1101382,4637844,0.0165,3F_15_CU_2_XLPE,0.155,SI
830654,4637844,4637852,4637844,4637852,0.0092,3F_15_CU_2_XLPE,0.155,SI
830655,4637852,4637861,4637852,4637861,0.0205,3F_15_CU_2_XLPE,0.155,SI
830657,4637861,4916671A,4637861,4916671,0.0114,3F_15_CU_2_XLPE,0.155,SI
