nodo,clave,u_09_sin,u_09_con,dU_09,u_12_sin,u_12_con,dU_12,u_15_sin,u_15_con,dU_15
220 V,0,0.982567,0.993755,0.011188,0.980743,0.992028,0.011285,0.981105,0.992371,0.011266
3272966,1,0.995407,0.996021,0.000614,0.994702,0.995319,0.000617,0.994842,0.995459,0.000617
3272869,1,0.995408,0.996020,0.000612,0.994703,0.995319,0.000616,0.994843,0.995458,0.000615
3272761,1,0.995409,0.996020,0.000611,0.994705,0.995319,0.000614,0.994844,0.995458,0.000614
3272664,1,0.995411,0.996019,0.000608,0.994707,0.995318,0.000611,0.994847,0.995457,0.000610
3272567,1,0.995416,0.996016,0.000600,0.994713,0.995317,0.000604,0.994853,0.995455,0.000602
1065971,1,0.995415,0.996010,0.000595,0.994711,0.995310,0.000599,0.994851,0.995449,0.000598
1101455,0,0.995420,0.996015,0.000595,0.994717,0.995316,0.000599,0.994856,0.995454,0.000598
1101471,0,0.995415,0.996010,0.000595,0.994711,0.995310,0.000599,0.994851,0.995449,0.000598
1101480,0,0.995415,0.996010,0.000595,0.994711,0.995310,0.000599,0.994851,0.995449,0.000598
2479567,1,0.995415,0.996010,0.000595,0.994711,0.995310,0.000599,0.994851,0.995449,0.000598
1101447,0,0.995443,0.996022,0.000579,0.994744,0.995326,0.000582,0.994882,0.995464,0.000582
1155741,0,0.995461,0.996027,0.000566,0.994764,0.995334,0.000570,0.994902,0.995471,0.000569
1155792,0,0.995460,0.996026,0.000566,0.994763,0.995333,0.000570,0.994901,0.995470,0.000569
1155822,0,0.995457,0.996023,0.000566,0.994760,0.995330,0.000570,0.994898,0.995467,0.000569
2789141,0,0.995457,0.996023,0.000566,0.994760,0.995330,0.000570,0.994899,0.995467,0.000568
1101421,0,0.995462,0.996028,0.000566,0.994765,0.995335,0.000570,0.994903,0.995472,0.000569
1155750,0,0.995459,0.996025,0.000566,0.994762,0.995332,0.000570,0.994900,0.995469,0.000569
1155776,0,0.995458,0.996024,0.000566,0.994761,0.995331,0.000570,0.994900,0.995469,0.000569
1155806,0,0.995458,0.996024,0.000566,0.994761,0.995330,0.000569,0.994899,0.995468,0.000569
2789132,0,0.995458,0.996024,0.000566,0.994761,0.995330,0.000569,0.994899,0.995468,0.000569
1101412,0,0.995495,0.996045,0.000550,0.994803,0.995356,0.000553,0.994941,0.995493,0.000552
1101404,0,0.995530,0.996062,0.000532,0.994844,0.995380,0.000536,0.994980,0.995515,0.000535
1618733,0,0.995527,0.996059,0.000532,0.994840,0.995376,0.000536,0.994976,0.995511,0.000535
1155849,0,0.995530,0.996062,0.000532,0.994843,0.995379,0.000536,0.994979,0.995514,0.000535
1155881,0,0.995528,0.996060,0.000532,0.994841,0.995377,0.000536,0.994977,0.995512,0.000535
1618741,0,0.995529,0.996061,0.000532,0.994843,0.995379,0.000536,0.994979,0.995514,0.000535
1618750,0,0.995530,0.996062,0.000532,0.994843,0.995379,0.000536,0.994979,0.995514,0.000535
9219013,0,0.995526,0.996058,0.000532,0.994840,0.995375,0.000535,0.994976,0.995511,0.000535
1155857,0,0.995528,0.996060,0.000532,0.994842,0.995377,0.000535,0.994978,0.995513,0.000535
1101391,0,0.995595,0.996099,0.000504,0.994918,0.995426,0.000508,0.995053,0.995559,0.000506
1101382,0,0.995634,0.996121,0.000487,0.994963,0.995454,0.000491,0.995096,0.995586,0.000490
1101374,0,0.995676,0.996145,0.000469,0.995012,0.995484,0.000472,0.995143,0.995615,0.000472
1101358,0,0.995731,0.996177,0.000446,0.995076,0.995524,0.000448,0.995206,0.995654,0.000448
1045288,0,0.995759,0.996193,0.000434,0.995108,0.995544,0.000436,0.995237,0.995673,0.000436
1101340,0,0.995768,0.996198,0.000430,0.995118,0.995551,0.000433,0.995247,0.995679,0.000432
1155652,0,0.995768,0.996197,0.000429,0.995118,0.995550,0.000432,0.995247,0.995679,0.000432
1155938,0,0.995768,0.996197,0.000429,0.995118,0.995550,0.000432,0.995247,0.995679,0.000432
1155946,0,0.995766,0.996195,0.000429,0.995116,0.995548,0.000432,0.995245,0.995676,0.000431
1155971,0,0.995767,0.996197,0.000430,0.995117,0.995549,0.000432,0.995246,0.995678,0.000432
1155997,0,0.995767,0.996196,0.000429,0.995117,0.995549,0.000432,0.995246,0.995678,0.000432
1101331,0,0.995828,0.996235,0.000407,0.995187,0.995597,0.000410,0.995314,0.995723,0.000409
1101323,0,0.995873,0.996263,0.000390,0.995239,0.995632,0.000393,0.995365,0.995757,0.000392
1155351,0,0.995919,0.996290,0.000371,0.995292,0.995666,0.000374,0.995416,0.995789,0.000373
1155334,0,0.995922,0.996293,0.000371,0.995295,0.995669,0.000374,0.995420,0.995793,0.000373
1155342,0,0.995920,0.996291,0.000371,0.995293,0.995667,0.000374,0.995418,0.995791,0.000373
1101315,0,0.995923,0.996294,0.000371,0.995297,0.995670,0.000373,0.995421,0.995794,0.000373
1155679,0,0.995916,0.996287,0.000371,0.995289,0.995662,0.000373,0.995413,0.995786,0.000373
1155377,0,0.995917,0.996288,0.000371,0.995290,0.995663,0.000373,0.995414,0.995787,0.000373
1157019,0,0.995920,0.996291,0.000371,0.995294,0.995667,0.000373,0.995418,0.995791,0.000373
2214156,0,0.995991,0.996340,0.000349,0.995375,0.995727,0.000352,0.995498,0.995849,0.000351
4938216,0,0.995991,0.996340,0.000349,0.995375,0.995727,0.000352,0.995497,0.995849,0.000352
1101307,0,0.995996,0.996345,0.000349,0.995380,0.995732,0.000352,0.995502,0.995854,0.000352
2214148,0,0.995992,0.996341,0.000349,0.995376,0.995728,0.000352,0.995498,0.995849,0.000351
2214130,0,0.995994,0.996343,0.000349,0.995379,0.995730,0.000351,0.995501,0.995852,0.000351
1101293,0,0.996073,0.996404,0.000331,0.995470,0.995803,0.000333,0.995590,0.995922,0.000332
1155245,0,0.996068,0.996398,0.000330,0.995463,0.995796,0.000333,0.995583,0.995916,0.000333
1155253,0,0.996060,0.996391,0.000331,0.995455,0.995788,0.000333,0.995575,0.995907,0.000332
1155270,0,0.996063,0.996393,0.000330,0.995458,0.995791,0.000333,0.995578,0.995910,0.000332
2567814,0,0.996060,0.996390,0.000330,0.995454,0.995787,0.000333,0.995574,0.995907,0.000333
3453464,0,0.996054,0.996385,0.000331,0.995448,0.995781,0.000333,0.995568,0.995900,0.000332
1155911,0,0.996059,0.996390,0.000331,0.995454,0.995786,0.000332,0.995574,0.995906,0.000332
2567831,0,0.996059,0.996390,0.000331,0.995454,0.995786,0.000332,0.995574,0.995906,0.000332
3453260,0,0.996051,0.996382,0.000331,0.995445,0.995777,0.000332,0.995565,0.995897,0.000332
3453367,0,0.996052,0.996383,0.000331,0.995446,0.995778,0.000332,0.995566,0.995898,0.000332
3453561,0,0.996059,0.996389,0.000330,0.995454,0.995786,0.000332,0.995574,0.995906,0.000332
3769721,0,0.996194,0.996502,0.000308,0.995609,0.995919,0.000310,0.995725,0.996035,0.000310
1101277,0,0.996287,0.996578,0.000291,0.995716,0.996009,0.000293,0.995829,0.996122,0.000293
1103431,0,0.996286,0.996577,0.000291,0.995715,0.996008,0.000293,0.995828,0.996121,0.000293
1103458,0,0.996284,0.996575,0.000291,0.995713,0.996006,0.000293,0.995826,0.996119,0.000293
1101251,0,0.996344,0.996625,0.000281,0.995782,0.996065,0.000283,0.995894,0.996176,0.000282
1067214,0,0.996386,0.996659,0.000273,0.995830,0.996106,0.000276,0.995941,0.996216,0.000275
1154613,0,0.996384,0.996658,0.000274,0.995828,0.996104,0.000276,0.995939,0.996214,0.000275
1103725,0,0.996385,0.996659,0.000274,0.995830,0.996105,0.000275,0.995940,0.996215,0.000275
1154605,0,0.996384,0.996658,0.000274,0.995829,0.996104,0.000275,0.995939,0.996214,0.000275
1667238,0,0.996385,0.996659,0.000274,0.995830,0.996105,0.000275,0.995940,0.996215,0.000275
1667262,0,0.996488,0.996744,0.000256,0.995948,0.996207,0.000259,0.996056,0.996313,0.000257
1103393,0,0.996491,0.996747,0.000256,0.995952,0.996210,0.000258,0.996059,0.996317,0.000258
1067206,0,0.996493,0.996749,0.000256,0.995954,0.996212,0.000258,0.996060,0.996318,0.000258
1103407,0,0.996488,0.996744,0.000256,0.995948,0.996206,0.000258,0.996055,0.996313,0.000258
1103385,0,0.996599,0.996839,0.000240,0.996076,0.996318,0.000242,0.996180,0.996421,0.000241
1103245,0,0.996599,0.996839,0.000240,0.996077,0.996318,0.000241,0.996181,0.996421,0.000240
1067192,0,0.996601,0.996840,0.000239,0.996078,0.996319,0.000241,0.996182,0.996423,0.000241
1103253,0,0.996597,0.996836,0.000239,0.996074,0.996315,0.000241,0.996177,0.996418,0.000241
1103351,0,0.996600,0.996840,0.000240,0.996078,0.996319,0.000241,0.996181,0.996422,0.000241
1154575,0,0.996703,0.996927,0.000224,0.996196,0.996423,0.000227,0.996297,0.996523,0.000226
1103211,0,0.996700,0.996924,0.000224,0.996193,0.996419,0.000226,0.996293,0.996519,0.000226
1103229,0,0.996700,0.996924,0.000224,0.996192,0.996418,0.000226,0.996293,0.996519,0.000226
1154524,0,0.996703,0.996927,0.000224,0.996196,0.996422,0.000226,0.996297,0.996522,0.000225
1154532,0,0.996700,0.996924,0.000224,0.996193,0.996419,0.000226,0.996294,0.996519,0.000225
1154583,0,0.996701,0.996925,0.000224,0.996193,0.996419,0.000226,0.996294,0.996520,0.000226
1067184,0,0.996704,0.996928,0.000224,0.996197,0.996423,0.000226,0.996298,0.996524,0.000226
1154541,0,0.996698,0.996923,0.000225,0.996191,0.996417,0.000226,0.996292,0.996517,0.000225
1154591,0,0.996698,0.996922,0.000224,0.996190,0.996416,0.000226,0.996291,0.996517,0.000226
1154371,0,0.996779,0.996993,0.000214,0.996284,0.996500,0.000216,0.996383,0.996597,0.000214
1154389,0,0.996779,0.996993,0.000214,0.996284,0.996500,0.000216,0.996383,0.996598,0.000215
1154214,0,0.996739,0.996953,0.000214,0.996238,0.996453,0.000215,0.996337,0.996552,0.000215
1067176,0,0.996784,0.996998,0.000214,0.996290,0.996505,0.000215,0.996388,0.996603,0.000215
1154397,0,0.996767,0.996980,0.000213,0.996270,0.996485,0.000215,0.996368,0.996583,0.000215
1154401,0,0.996748,0.996961,0.000213,0.996248,0.996463,0.000215,0.996347,0.996562,0.000215
1067150,0,0.996967,0.997162,0.000195,0.996501,0.996697,0.000196,0.996593,0.996789,0.000196
1154273,0,0.997149,0.997323,0.000174,0.996710,0.996886,0.000176,0.996797,0.996973,0.000176
1154290,0,0.997148,0.997322,0.000174,0.996709,0.996885,0.000176,0.996796,0.996972,0.000176
1154257,0,0.997150,0.997324,0.000174,0.996712,0.996888,0.000176,0.996799,0.996974,0.000175
1067141,0,0.997152,0.997326,0.000174,0.996714,0.996889,0.000175,0.996801,0.996976,0.000175
1154249,0,0.997151,0.997325,0.000174,0.996713,0.996888,0.000175,0.996799,0.996975,0.000176
1154281,0,0.997147,0.997321,0.000174,0.996709,0.996884,0.000175,0.996796,0.996971,0.000175
1067125,0,0.997279,0.997440,0.000161,0.996861,0.997024,0.000163,0.996944,0.997106,0.000162
1067133,0,0.997277,0.997438,0.000161,0.996858,0.997021,0.000163,0.996941,0.997103,0.000162
1103300,0,0.997276,0.997437,0.000161,0.996857,0.997020,0.000163,0.996940,0.997103,0.000163
1154443,0,0.997279,0.997440,0.000161,0.996860,0.997023,0.000163,0.996943,0.997106,0.000163
1154478,0,0.997277,0.997438,0.000161,0.996858,0.997021,0.000163,0.996941,0.997103,0.000162
1103296,0,0.997276,0.997437,0.000161,0.996858,0.997020,0.000162,0.996941,0.997103,0.000162
1103318,0,0.997275,0.997437,0.000162,0.996857,0.997019,0.000162,0.996940,0.997102,0.000162
1103326,0,0.997276,0.997437,0.000161,0.996857,0.997019,0.000162,0.996940,0.997102,0.000162
1154451,0,0.997278,0.997439,0.000161,0.996860,0.997022,0.000162,0.996943,0.997105,0.000162
1154494,0,0.997275,0.997436,0.000161,0.996857,0.997019,0.000162,0.996940,0.997102,0.000162
1067117,0,0.997439,0.997585,0.000146,0.997046,0.997193,0.000147,0.997124,0.997271,0.000147
1154311,0,0.997435,0.997581,0.000146,0.997041,0.997188,0.000147,0.997119,0.997266,0.000147
1154346,0,0.997438,0.997584,0.000146,0.997045,0.997192,0.000147,0.997123,0.997270,0.000147
1154354,0,0.997437,0.997583,0.000146,0.997044,0.997191,0.000147,0.997122,0.997269,0.000147
1067109,0,0.997629,0.997758,0.000129,0.997265,0.997395,0.000130,0.997337,0.997467,0.000130
1026666,0,0.997610,0.997739,0.000129,0.997243,0.997373,0.000130,0.997316,0.997445,0.000129
1026682,0,0.997611,0.997739,0.000128,0.997243,0.997373,0.000130,0.997316,0.997446,0.000130
1102958,0,0.997627,0.997756,0.000129,0.997262,0.997392,0.000130,0.997335,0.997464,0.000129
1102974,0,0.997625,0.997753,0.000128,0.997259,0.997389,0.000130,0.997332,0.997461,0.000129
1102982,0,0.997611,0.997740,0.000129,0.997244,0.997374,0.000130,0.997317,0.997446,0.000129
1154508,0,0.997611,0.997740,0.000129,0.997244,0.997374,0.000130,0.997317,0.997447,0.000130
8338973,0,0.997609,0.997737,0.000128,0.997241,0.997371,0.000130,0.997314,0.997444,0.000130
8339694,0,0.997609,0.997738,0.000129,0.997241,0.997371,0.000130,0.997314,0.997444,0.000130
8339708,0,0.997610,0.997739,0.000129,0.997243,0.997373,0.000130,0.997316,0.997445,0.000129
8339155,0,0.997609,0.997738,0.000129,0.997242,0.997371,0.000129,0.997315,0.997444,0.000129
1067079,0,0.997770,0.997888,0.000118,0.997427,0.997546,0.000119,0.997495,0.997614,0.000119
9500766,0,0.997773,0.997891,0.000118,0.997431,0.997550,0.000119,0.997499,0.997617,0.000118
1067052,0,0.997776,0.997894,0.000118,0.997434,0.997553,0.000119,0.997502,0.997621,0.000119
1067087,0,0.997765,0.997883,0.000118,0.997422,0.997541,0.000119,0.997490,0.997609,0.000119
1283235,0,0.997760,0.997878,0.000118,0.997415,0.997534,0.000119,0.997484,0.997603,0.000119
4249330,0,0.997762,0.997880,0.000118,0.997418,0.997537,0.000119,0.997487,0.997606,0.000119
4249348,0,0.997761,0.997878,0.000117,0.997416,0.997535,0.000119,0.997485,0.997603,0.000118
4249356,0,0.997756,0.997874,0.000118,0.997411,0.997530,0.000119,0.997480,0.997598,0.000118
4249372,0,0.997755,0.997873,0.000118,0.997410,0.997529,0.000119,0.997478,0.997597,0.000119
5604524,0,0.997759,0.997877,0.000118,0.997415,0.997534,0.000119,0.997483,0.997602,0.000119
5605024,0,0.997767,0.997885,0.000118,0.997424,0.997543,0.000119,0.997492,0.997611,0.000119
5605032,0,0.997765,0.997883,0.000118,0.997421,0.997540,0.000119,0.997489,0.997608,0.000119
8795266,0,0.997770,0.997888,0.000118,0.997428,0.997547,0.000119,0.997496,0.997615,0.000119
9500758,0,0.997775,0.997893,0.000118,0.997433,0.997552,0.000119,0.997501,0.997619,0.000118
9500774,0,0.997771,0.997889,0.000118,0.997428,0.997547,0.000119,0.997496,0.997615,0.000119
1067044,0,0.997919,0.998028,0.000109,0.997598,0.997709,0.000111,0.997662,0.997772,0.000110
1067036,0,0.998051,0.998152,0.000101,0.997751,0.997854,0.000103,0.997811,0.997913,0.000102
1154206,0,0.998050,0.998152,0.000102,0.997750,0.997853,0.000103,0.997810,0.997912,0.000102
1154192,0,0.998049,0.998150,0.000101,0.997749,0.997851,0.000102,0.997809,0.997911,0.000102
1154222,0,0.998048,0.998150,0.000102,0.997748,0.997850,0.000102,0.997808,0.997910,0.000102
1154231,0,0.998044,0.998146,0.000102,0.997744,0.997846,0.000102,0.997803,0.997906,0.000103
1154435,0,0.998044,0.998146,0.000102,0.997744,0.997846,0.000102,0.997803,0.997905,0.000102
1154133,0,0.998080,0.998180,0.000100,0.997785,0.997886,0.000101,0.997844,0.997944,0.000100
1154141,0,0.998081,0.998181,0.000100,0.997786,0.997887,0.000101,0.997845,0.997945,0.000100
1154150,0,0.998080,0.998180,0.000100,0.997785,0.997886,0.000101,0.997844,0.997944,0.000100
1154176,0,0.998080,0.998179,0.000099,0.997784,0.997885,0.000101,0.997843,0.997943,0.000100
1154303,0,0.998080,0.998180,0.000100,0.997785,0.997886,0.000101,0.997844,0.997944,0.000100
1067028,0,0.998082,0.998181,0.000099,0.997787,0.997887,0.000100,0.997845,0.997946,0.000101
2765837,0,0.998216,0.998306,0.000090,0.997941,0.998033,0.000092,0.997996,0.998087,0.000091
1154117,0,0.998233,0.998323,0.000090,0.997961,0.998052,0.000091,0.998015,0.998106,0.000091
1067010,0,0.998238,0.998328,0.000090,0.997967,0.998058,0.000091,0.998021,0.998112,0.000091
1154079,0,0.998237,0.998327,0.000090,0.997966,0.998057,0.000091,0.998019,0.998110,0.000091
1154087,0,0.998230,0.998320,0.000090,0.997958,0.998049,0.000091,0.998012,0.998103,0.000091
1154109,0,0.998231,0.998321,0.000090,0.997959,0.998050,0.000091,0.998013,0.998104,0.000091
1154125,0,0.998234,0.998324,0.000090,0.997962,0.998053,0.000091,0.998016,0.998107,0.000091
2765811,0,0.998230,0.998321,0.000091,0.997958,0.998049,0.000091,0.998012,0.998103,0.000091
2765829,0,0.998217,0.998308,0.000091,0.997943,0.998034,0.000091,0.997998,0.998089,0.000091
1069683,0,0.998338,0.998423,0.000085,0.998083,0.998169,0.000086,0.998133,0.998219,0.000086
1069527,0,0.998563,0.998636,0.000073,0.998342,0.998416,0.000074,0.998385,0.998460,0.000075
1069519,0,0.998613,0.998684,0.000071,0.998400,0.998472,0.000072,0.998442,0.998514,0.000072
1069501,0,0.998750,0.998814,0.000064,0.998558,0.998623,0.000065,0.998596,0.998661,0.000065
1069497,0,0.998921,0.998977,0.000056,0.998755,0.998811,0.000056,0.998788,0.998844,0.000056
1069489,0,0.999112,0.999158,0.000046,0.998976,0.999022,0.000046,0.999003,0.999049,0.000046
1069471,0,0.999334,0.999369,0.000035,0.999232,0.999266,0.000034,0.999252,0.999287,0.000035
1069454,0,0.999461,0.999489,0.000028,0.999378,0.999406,0.000028,0.999394,0.999422,0.000028
1069446,0,0.999539,0.999563,0.000024,0.999468,0.999492,0.000024,0.999482,0.999506,0.000024
1069438,0,0.999849,0.999857,0.000008,0.999826,0.999834,0.000008,0.999831,0.999839,0.000008
1067001,0,0.999983,0.999984,0.000001,0.999981,0.999982,0.000001,0.999981,0.999982,0.000001
Terminal(1),0,1.000000,1.000000,0.000000,1.000000,1.000000,0.000000,1.000000,1.000000,0.000000
