hora,estado,linea,loading_pct,I_A,P_bus1_MW,clave,cumple,ldf_ok
09:00,SIN_SSFV,10833,3.2660,5.0623,0.108462,0,1,1
09:00,SIN_SSFV,10834,1.6330,2.5311,0.054231,0,1,1
09:00,SIN_SSFV,10835,0.8332,1.2914,0.027669,0,1,1
09:00,SIN_SSFV,10836,1.0664,1.6530,0.035416,0,1,1
09:00,SIN_SSFV,10941,0.6999,1.0849,-0.023242,0,1,1
09:00,SIN_SSFV,10942,0.6000,0.9299,0.019921,0,1,1
09:00,SIN_SSFV,10943,0.6000,0.9299,0.019921,0,1,1
09:00,SIN_SSFV,10944,0.6000,0.9299,0.019921,0,1,1
09:00,SIN_SSFV,10945,0.6000,0.9299,0.019921,0,1,1
09:00,SIN_SSFV,10978,0.6999,1.0849,-0.023242,0,1,1
09:00,SIN_SSFV,10979,0.7999,1.2399,0.026562,0,1,1
09:00,SIN_SSFV,11284,0.4802,0.7443,0.015937,0,1,1
09:00,SIN_SSFV,11285,0.5202,0.8063,0.017265,0,1,1
09:00,SIN_SSFV,11286,0.8003,1.2405,0.026562,0,1,1
09:00,SIN_SSFV,11287,0.4802,0.7443,0.015937,0,1,1
09:00,SIN_SSFV,11288,0.4002,0.6202,-0.013281,0,1,1
09:00,SIN_SSFV,11289,0.4002,0.6202,0.013281,0,1,1
09:00,SIN_SSFV,11290,0.4002,0.6202,0.013281,0,1,1
09:00,SIN_SSFV,11342,0.4001,0.6202,-0.013281,0,1,1
09:00,SIN_SSFV,11343,0.4001,0.6202,0.013281,0,1,1
09:00,SIN_SSFV,11344,0.4001,0.6202,0.013281,0,1,1
09:00,SIN_SSFV,11381,0.4000,0.6201,-0.013281,0,1,1
09:00,SIN_SSFV,11382,0.4000,0.6201,0.013281,0,1,1
09:00,SIN_SSFV,11383,0.4000,0.6201,-0.013281,0,1,1
09:00,SIN_SSFV,11384,0.4000,0.6201,0.013281,0,1,1
09:00,SIN_SSFV,11385,0.4000,0.6201,0.013281,0,1,1
09:00,SIN_SSFV,15348,0.2665,0.4131,0.008854,0,1,1
09:00,SIN_SSFV,15349,0.1059,0.4131,0.008854,0,1,1
09:00,SIN_SSFV,15350,0.2665,0.4131,0.008854,0,1,1
09:00,SIN_SSFV,15351,0.2665,0.4131,0.008854,0,1,1
09:00,SIN_SSFV,21781,1.0848,2.1697,0.046483,0,1,1
09:00,SIN_SSFV,21782,1.0848,2.1697,0.046483,0,1,1
09:00,SIN_SSFV,21783,0.6199,1.2398,0.026562,0,1,1
09:00,SIN_SSFV,26711,0.8332,1.2914,0.027669,0,1,1
09:00,SIN_SSFV,26712,0.5999,0.9298,0.019921,0,1,1
09:00,SIN_SSFV,26713,0.5999,0.9298,0.019921,0,1,1
09:00,SIN_SSFV,40905,4.2563,6.5973,0.141665,0,1,1
09:00,SIN_SSFV,40906,4.2563,6.5973,0.141664,0,1,1
09:00,SIN_SSFV,40907,4.2563,6.5973,0.141663,0,1,1
09:00,SIN_SSFV,47594,0.4802,0.7443,0.015937,0,1,1
09:00,SIN_SSFV,47595,0.5202,0.8063,0.017265,0,1,1
09:00,SIN_SSFV,47596,0.2401,0.3721,0.007969,0,1,1
09:00,SIN_SSFV,47597,0.2401,0.3721,0.007969,0,1,1
09:00,SIN_SSFV,5105,17.1906,61.0260,1.312837,0,1,1
09:00,SIN_SSFV,5106,17.1910,61.0266,1.312713,0,1,1
09:00,SIN_SSFV,5108,17.1911,61.0280,1.312427,0,1,1
09:00,SIN_SSFV,5109,17.1912,61.0283,1.312355,0,1,1
09:00,SIN_SSFV,5110,17.1915,61.0289,1.312239,0,1,1
09:00,SIN_SSFV,5111,17.1917,61.0299,1.312034,0,1,1
09:00,SIN_SSFV,5112,17.1920,61.0307,1.311858,0,1,1
09:00,SIN_SSFV,5113,17.1921,61.0315,1.311700,0,1,1
09:00,SIN_SSFV,5117,17.1922,61.0321,1.311574,0,1,1
09:00,SIN_SSFV,5118,17.1925,61.0323,1.311527,0,1,1
09:00,SIN_SSFV,5120,17.1926,61.0333,1.311320,0,1,1
09:00,SIN_SSFV,5127,15.0731,53.5087,1.149641,0,1,1
09:00,SIN_SSFV,5128,14.8118,52.5818,-1.129569,0,1,1
09:00,SIN_SSFV,5129,14.4634,51.3445,1.103007,0,1,1
09:00,SIN_SSFV,5130,14.4637,51.3452,1.102904,0,1,1
09:00,SIN_SSFV,5132,2.2875,6.2905,0.135024,0,1,1
09:00,SIN_SSFV,5136,1.1051,3.0387,0.063067,0,1,1
09:00,SIN_SSFV,5140,12.1690,43.1991,0.927927,0,1,1
09:00,SIN_SSFV,5142,14.6592,40.3120,0.865853,0,1,1
09:00,SIN_SSFV,5143,14.3219,39.3844,0.845795,0,1,1
09:00,SIN_SSFV,5145,0.7555,2.2284,0.047811,0,1,1
09:00,SIN_SSFV,5147,13.2867,36.5377,0.784590,0,1,1
09:00,SIN_SSFV,5148,14.7761,35.6096,0.764585,0,1,1
09:00,SIN_SSFV,5153,12.9496,35.6104,0.764460,0,1,1
09:00,SIN_SSFV,5154,10.0516,27.6414,0.593456,0,1,1
09:00,SIN_SSFV,5156,9.1734,25.2261,0.541621,0,1,1
09:00,SIN_SSFV,5157,8.6856,23.8845,0.512799,0,1,1
09:00,SIN_SSFV,5158,8.2353,22.6462,0.486191,0,1,1
09:00,SIN_SSFV,5280,8.0852,22.2340,0.477294,0,1,1
09:00,SIN_SSFV,5281,9.2260,22.2344,0.477277,0,1,1
09:00,SIN_SSFV,5282,8.8835,21.4085,0.459545,0,1,1
09:00,SIN_SSFV,5283,8.8838,21.4092,0.459507,0,1,1
09:00,SIN_SSFV,5285,6.7836,16.3478,0.350996,0,1,1
09:00,SIN_SSFV,5287,5.4979,13.2491,0.284567,0,1,1
09:00,SIN_SSFV,5288,4.3406,10.4602,0.224784,0,1,1
09:00,SIN_SSFV,5289,4.3409,10.4609,0.224774,0,1,1
09:00,SIN_SSFV,5290,4.3413,10.4616,0.224765,0,1,1
09:00,SIN_SSFV,5291,3.8268,9.2224,0.198191,0,1,1
09:00,SIN_SSFV,5292,3.8270,9.2226,0.198190,0,1,1
09:00,SIN_SSFV,5294,3.8274,9.2231,0.198185,0,1,1
09:00,SIN_SSFV,5295,3.8277,9.2240,0.198175,0,1,1
09:00,SIN_SSFV,5296,3.8280,9.2247,0.198168,0,1,1
09:00,SIN_SSFV,5297,3.3140,7.9861,0.171587,0,1,1
09:00,SIN_SSFV,5298,3.3143,7.9868,0.171582,0,1,1
09:00,SIN_SSFV,5300,2.3880,5.7546,0.123766,0,1,1
09:00,SIN_SSFV,5304,0.0005,0.0013,0.000011,0,1,1
09:00,SIN_SSFV,5373,3.8284,9.2254,0.198161,0,1,1
09:00,SIN_SSFV,714206,1.5625,2.4218,0.049786,0,1,1
09:00,SIN_SSFV,714207,1.5303,2.3720,0.050910,0,1,1
09:00,SIN_SSFV,714208,2.6615,4.1253,0.088539,0,1,1
09:00,SIN_SSFV,714209,2.6615,4.1253,0.088539,0,1,1
09:00,SIN_SSFV,714525,0.4043,0.9299,0.019921,0,1,1
09:00,SIN_SSFV,717305,0.3993,0.6189,0.013281,0,1,1
09:00,SIN_SSFV,717306,0.3993,0.6189,0.013281,0,1,1
09:00,SIN_SSFV,720189,1.5085,2.3382,0.052035,0,1,1
09:00,SIN_SSFV,720190,1.5085,2.3382,0.052035,0,1,1
09:00,SIN_SSFV,720191,1.5085,2.3382,0.052035,0,1,1
09:00,SIN_SSFV,720192,1.5303,2.3720,0.050910,0,1,1
09:00,SIN_SSFV,720193,0.3992,0.6188,0.013281,0,1,1
09:00,SIN_SSFV,720194,0.3992,0.6188,0.013281,0,1,1
09:00,SIN_SSFV,725649,0.5989,0.9283,0.019921,0,1,1
09:00,SIN_SSFV,725650,0.5989,0.9283,0.019921,0,1,1
09:00,SIN_SSFV,725659,0.5989,0.9283,0.019921,0,1,1
09:00,SIN_SSFV,725660,0.5989,0.9283,0.019921,0,1,1
09:00,SIN_SSFV,741064,1.6330,2.5311,0.054231,0,1,1
09:00,SIN_SSFV,764757,0.5988,0.9282,0.019921,0,1,1
09:00,SIN_SSFV,764758,0.5988,0.9282,0.019921,0,1,1
09:00,SIN_SSFV,764759,0.5988,0.9282,0.019921,0,1,1
09:00,SIN_SSFV,764760,0.5988,0.9282,0.019921,0,1,1
09:00,SIN_SSFV,791042,0.4001,0.6202,-0.013281,0,1,1
09:00,SIN_SSFV,791043,0.4001,0.6202,0.013281,0,1,1
09:00,SIN_SSFV,791044,0.4001,0.6202,0.013281,0,1,1
09:00,SIN_SSFV,791045,0.4001,0.6202,0.013281,0,1,1
09:00,SIN_SSFV,804306,15.6477,61.0260,1.312856,0,1,1
09:00,SIN_SSFV,806799,0.5992,0.9288,0.019921,0,1,1
09:00,SIN_SSFV,807671,1.9146,2.9676,0.063997,1,1,1
09:00,SIN_SSFV,807672,1.9146,2.9676,0.063997,1,1,1
09:00,SIN_SSFV,807673,1.9146,2.9676,0.063996,1,1,1
09:00,SIN_SSFV,807674,1.9146,2.9676,0.063996,1,1,1
09:00,SIN_SSFV,807675,1.9146,2.9676,0.063996,1,1,1
09:00,SIN_SSFV,812080,1.5997,2.4795,0.053124,0,1,1
09:00,SIN_SSFV,812081,1.5997,2.4795,0.053124,0,1,1
09:00,SIN_SSFV,812082,1.5997,2.4795,0.053124,0,1,1
09:00,SIN_SSFV,812083,1.5997,2.4795,0.053123,0,1,1
09:00,SIN_SSFV,825166,0.5331,0.8263,0.017708,0,1,1
09:00,SIN_SSFV,825167,0.5331,0.8263,0.017708,0,1,1
09:00,SIN_SSFV,828934,2.3883,5.7551,0.123764,0,1,1
09:00,SIN_SSFV,828942,0.3852,0.9283,-0.019921,0,1,1
09:00,SIN_SSFV,828945,0.0020,0.0049,0.000033,0,1,1
09:00,SIN_SSFV,828948,0.0006,0.0015,0.000011,0,1,1
09:00,SIN_SSFV,9137,0.2993,0.4639,-0.009961,0,1,1
09:00,SIN_SSFV,9138,0.2993,0.4639,-0.009961,0,1,1
09:00,SIN_SSFV,9139,0.0000,0.0000,0.000022,0,1,1
09:00,SIN_SSFV,9140,0.0000,0.0000,0.000011,0,1,1
09:00,SIN_SSFV,9141,0.2993,0.4639,-0.009961,0,1,1
09:00,SIN_SSFV,9142,0.2993,0.4639,-0.009961,0,1,1
09:00,SIN_SSFV,9143,0.5986,0.9279,-0.019921,0,1,1
09:00,SIN_SSFV,9253,0.5985,0.9277,-0.019921,0,1,1
09:00,SIN_SSFV,9254,0.5985,0.9277,0.019921,0,1,1
09:00,SIN_SSFV,9256,0.5985,0.9277,0.019921,0,1,1
09:00,SIN_SSFV,9257,0.5985,0.9277,0.019921,0,1,1
09:00,SIN_SSFV,9258,0.5985,0.9277,0.019921,0,1,1
09:00,SIN_SSFV,9264,0.3991,0.6186,-0.013281,0,1,1
09:00,SIN_SSFV,9265,0.3991,0.6186,0.013281,0,1,1
09:00,SIN_SSFV,9266,0.3991,0.6186,0.013281,0,1,1
09:00,SIN_SSFV,9267,0.3991,0.6186,0.013281,0,1,1
09:00,SIN_SSFV,9268,0.3991,0.6186,0.013281,0,1,1
09:00,SIN_SSFV,9274,0.5992,0.9288,0.019921,0,1,1
09:00,SIN_SSFV,9275,0.5992,0.9288,0.019921,0,1,1
09:00,SIN_SSFV,9276,0.5992,0.9288,0.019921,0,1,1
09:00,SIN_SSFV,9277,0.5992,0.9288,0.019921,0,1,1
09:00,SIN_SSFV,9299,1.2644,1.9598,0.042057,0,1,1
09:00,SIN_SSFV,9300,1.2644,1.9598,0.042057,0,1,1
09:00,SIN_SSFV,9301,1.2644,1.9598,0.042057,0,1,1
09:00,SIN_SSFV,9302,0.2662,0.4126,0.008854,0,1,1
09:00,SIN_SSFV,9320,0.3994,0.6191,0.013281,0,1,1
09:00,SIN_SSFV,9321,0.3994,0.6191,0.013281,0,1,1
09:00,SIN_SSFV,9322,0.3994,0.6191,0.013281,0,1,1
09:00,SIN_SSFV,9323,0.3994,0.6191,0.013281,0,1,1
09:00,SIN_SSFV,9341,0.4796,0.7434,-0.015937,0,1,1
09:00,SIN_SSFV,9342,0.4796,0.7434,-0.015937,0,1,1
09:00,SIN_SSFV,9344,0.9592,1.4867,0.031874,0,1,1
09:00,SIN_SSFV,9345,0.7993,1.2389,0.026562,0,1,1
09:00,SIN_SSFV,9351,0.1599,0.2478,0.005312,0,1,1
09:00,SIN_SSFV,9352,0.1599,0.2478,0.005312,0,1,1
09:00,SIN_SSFV,9783,0.5990,0.9285,0.019921,0,1,1
09:00,SIN_SSFV,9784,0.5990,0.9285,0.019921,0,1,1
09:00,SIN_SSFV,9785,0.5990,0.9285,0.019921,0,1,1
09:00,SIN_SSFV,9811,0.2396,0.3715,0.007969,0,1,1
09:00,SIN_SSFV,9822,0.2396,0.3715,0.007969,0,1,1
09:00,SIN_SSFV,9823,0.2396,0.3715,0.007969,0,1,1
09:00,SIN_SSFV,9824,0.2396,0.3715,0.007969,0,1,1
09:00,SIN_SSFV,9839,2.5372,3.9327,-0.084321,0,1,1
09:00,SIN_SSFV,9840,2.6047,4.0373,-0.086565,0,1,1
09:00,SIN_SSFV,9841,2.5372,3.9327,-0.084320,0,1,1
09:00,SIN_SSFV,9842,2.6047,4.0373,0.086565,0,1,1
09:00,SIN_SSFV,9843,2.6642,4.1295,0.088541,0,1,1
09:00,SIN_SSFV,9844,2.4777,3.8405,0.082343,0,1,1
09:00,SIN_SSFV,9944,0.5995,0.9292,0.019921,0,1,1
09:00,SIN_SSFV,9945,0.5995,0.9292,0.019921,0,1,1
09:00,SIN_SSFV,9946,0.5995,0.9292,0.019921,0,1,1
09:00,SIN_SSFV,9949,0.5995,0.9293,0.019921,0,1,1
09:00,SIN_SSFV,9950,0.5995,0.9293,0.019921,0,1,1
09:00,SIN_SSFV,9966,0.2665,0.4130,0.008854,0,1,1
09:00,SIN_SSFV,9967,0.2665,0.4130,0.008854,0,1,1
09:00,SIN_SSFV,9989,0.7995,1.2392,-0.026562,0,1,1
09:00,SIN_SSFV,9990,0.7995,1.2392,0.026562,0,1,1
09:00,SIN_SSFV,9991,0.7995,1.2392,0.026562,0,1,1
09:00,CON_SSFV,10833,3.2649,5.0606,0.108462,0,1,1
09:00,CON_SSFV,10834,1.6324,2.5303,0.054231,0,1,1
09:00,CON_SSFV,10835,0.8329,1.2910,0.027669,0,1,1
09:00,CON_SSFV,10836,1.0661,1.6524,0.035416,0,1,1
09:00,CON_SSFV,10941,0.6997,1.0845,-0.023242,0,1,1
09:00,CON_SSFV,10942,0.5997,0.9296,0.019921,0,1,1
09:00,CON_SSFV,10943,0.5997,0.9296,0.019921,0,1,1
09:00,CON_SSFV,10944,0.5997,0.9296,0.019921,0,1,1
09:00,CON_SSFV,10945,0.5997,0.9296,0.019921,0,1,1
09:00,CON_SSFV,10978,0.6997,1.0845,-0.023242,0,1,1
09:00,CON_SSFV,10979,0.7996,1.2394,0.026562,0,1,1
09:00,CON_SSFV,11284,0.4799,0.7439,0.015937,0,1,1
09:00,CON_SSFV,11285,0.5199,0.8059,0.017265,0,1,1
09:00,CON_SSFV,11286,0.7999,1.2398,0.026562,0,1,1
09:00,CON_SSFV,11287,0.4799,0.7439,0.015937,0,1,1
09:00,CON_SSFV,11288,0.3999,0.6199,-0.013281,0,1,1
09:00,CON_SSFV,11289,0.3999,0.6199,0.013281,0,1,1
09:00,CON_SSFV,11290,0.3999,0.6199,0.013281,0,1,1
09:00,CON_SSFV,11342,0.3999,0.6199,-0.013281,0,1,1
09:00,CON_SSFV,11343,0.3999,0.6199,0.013281,0,1,1
09:00,CON_SSFV,11344,0.3999,0.6199,0.013281,0,1,1
09:00,CON_SSFV,11381,0.3999,0.6198,-0.013281,0,1,1
09:00,CON_SSFV,11382,0.3999,0.6198,0.013281,0,1,1
09:00,CON_SSFV,11383,0.3999,0.6198,-0.013281,0,1,1
09:00,CON_SSFV,11384,0.3999,0.6198,0.013281,0,1,1
09:00,CON_SSFV,11385,0.3999,0.6198,0.013281,0,1,1
09:00,CON_SSFV,15348,0.2664,0.4130,0.008854,0,1,1
09:00,CON_SSFV,15349,0.1059,0.4130,0.008854,0,1,1
09:00,CON_SSFV,15350,0.2664,0.4130,0.008854,0,1,1
09:00,CON_SSFV,15351,0.2664,0.4130,0.008854,0,1,1
09:00,CON_SSFV,21781,1.0845,2.1689,0.046483,0,1,1
09:00,CON_SSFV,21782,1.0845,2.1689,0.046483,0,1,1
09:00,CON_SSFV,21783,0.6197,1.2394,0.026562,0,1,1
09:00,CON_SSFV,26711,0.8329,1.2910,0.027669,0,1,1
09:00,CON_SSFV,26712,0.5997,0.9295,0.019921,0,1,1
09:00,CON_SSFV,26713,0.5997,0.9295,0.019921,0,1,1
09:00,CON_SSFV,40905,4.2559,6.5967,0.141665,0,1,1
09:00,CON_SSFV,40906,4.2559,6.5967,0.141664,0,1,1
09:00,CON_SSFV,40907,4.2559,6.5967,0.141663,0,1,1
09:00,CON_SSFV,47594,0.4799,0.7439,0.015937,0,1,1
09:00,CON_SSFV,47595,0.5199,0.8059,0.017265,0,1,1
09:00,CON_SSFV,47596,0.2400,0.3719,0.007969,0,1,1
09:00,CON_SSFV,47597,0.2400,0.3719,0.007969,0,1,1
09:00,CON_SSFV,5105,15.9340,56.5651,1.192727,0,1,1
09:00,CON_SSFV,5106,15.9344,56.5657,1.192622,0,1,1
09:00,CON_SSFV,5108,15.9345,56.5672,1.192376,0,1,1
09:00,CON_SSFV,5109,15.9347,56.5676,1.192314,0,1,1
09:00,CON_SSFV,5110,15.9350,56.5682,1.192214,0,1,1
09:00,CON_SSFV,5111,15.9353,56.5692,1.192038,0,1,1
09:00,CON_SSFV,5112,15.9355,56.5701,1.191886,0,1,1
09:00,CON_SSFV,5113,15.9357,56.5710,1.191751,0,1,1
09:00,CON_SSFV,5117,15.9357,56.5716,1.191642,0,1,1
09:00,CON_SSFV,5118,15.9360,56.5718,1.191603,0,1,1
09:00,CON_SSFV,5120,15.9362,56.5729,1.191425,0,1,1
09:00,CON_SSFV,5127,13.8187,49.0555,1.029758,0,1,1
09:00,CON_SSFV,5128,13.5577,48.1297,-1.009710,0,1,1
09:00,CON_SSFV,5129,13.2098,46.8939,0.983148,0,1,1
09:00,CON_SSFV,5130,13.2100,46.8947,0.983063,0,1,1
09:00,CON_SSFV,5132,2.2873,6.2898,0.135024,0,1,1
09:00,CON_SSFV,5136,1.1050,3.0383,0.063067,0,1,1
09:00,CON_SSFV,5140,10.9187,38.7602,0.808104,0,1,1
09:00,CON_SSFV,5142,13.0471,35.8784,0.746048,0,1,1
09:00,CON_SSFV,5143,12.7104,34.9528,0.726019,0,1,1
09:00,CON_SSFV,5145,0.7554,2.2280,0.047811,0,1,1
09:00,CON_SSFV,5147,11.6776,32.1127,0.664838,0,1,1
09:00,CON_SSFV,5148,12.9411,31.1871,0.644852,0,1,1
09:00,CON_SSFV,5153,11.3415,31.1880,0.644756,0,1,1
09:00,CON_SSFV,5154,8.4536,23.2469,0.473779,0,1,1
09:00,CON_SSFV,5156,7.5800,20.8440,0.421956,0,1,1
09:00,CON_SSFV,5157,7.0952,19.5108,0.393149,0,1,1
09:00,CON_SSFV,5158,6.6481,18.2813,0.366556,0,1,1
09:00,CON_SSFV,5280,6.4992,17.8724,0.357674,0,1,1
09:00,CON_SSFV,5281,7.4163,17.8728,0.357663,0,1,1
09:00,CON_SSFV,5282,7.0766,17.0538,0.339940,0,1,1
09:00,CON_SSFV,5283,7.0771,17.0546,0.339915,0,1,1
09:00,CON_SSFV,5285,5.0022,12.0542,0.231422,0,1,1
09:00,CON_SSFV,5287,3.7456,9.0256,0.165004,0,1,1
09:00,CON_SSFV,5288,2.6383,6.3571,0.105231,0,1,1
09:00,CON_SSFV,5289,2.6388,6.3584,0.105228,0,1,1
09:00,CON_SSFV,5290,2.6394,6.3595,0.105224,0,1,1
09:00,CON_SSFV,5291,2.1639,5.2148,0.078658,0,1,1
09:00,CON_SSFV,5292,2.1643,5.2151,0.078658,0,1,1
09:00,CON_SSFV,5294,2.1650,5.2160,0.078656,0,1,1
09:00,CON_SSFV,5295,2.1655,5.2177,0.078653,0,1,1
09:00,CON_SSFV,5296,2.1660,5.2189,0.078651,0,1,1
09:00,CON_SSFV,5297,1.7146,4.1309,0.052083,0,1,1
09:00,CON_SSFV,5298,1.7152,4.1322,0.052081,0,1,1
09:00,CON_SSFV,5300,1.0547,2.5407,4.268658,0,1,1
09:00,CON_SSFV,5304,0.0005,0.0013,0.000011,0,1,1
09:00,CON_SSFV,5373,2.1668,5.2201,0.078648,0,1,1
09:00,CON_SSFV,714206,1.5623,2.4215,0.049786,0,1,1
09:00,CON_SSFV,714207,1.5302,2.3717,0.050910,0,1,1
09:00,CON_SSFV,714208,2.6611,4.1248,0.088539,0,1,1
09:00,CON_SSFV,714209,2.6611,4.1248,0.088539,0,1,1
09:00,CON_SSFV,714525,0.4041,0.9295,0.019921,0,1,1
09:00,CON_SSFV,717305,0.3992,0.6188,0.013281,0,1,1
09:00,CON_SSFV,717306,0.3992,0.6188,0.013281,0,1,1
09:00,CON_SSFV,720189,1.5083,2.3379,0.052035,0,1,1
09:00,CON_SSFV,720190,1.5083,2.3379,0.052035,0,1,1
09:00,CON_SSFV,720191,1.5083,2.3379,0.052035,0,1,1
09:00,CON_SSFV,720192,1.5302,2.3717,0.050910,0,1,1
09:00,CON_SSFV,720193,0.3992,0.6187,0.013281,0,1,1
09:00,CON_SSFV,720194,0.3992,0.6187,0.013281,0,1,1
09:00,CON_SSFV,725649,0.5988,0.9282,0.019921,0,1,1
09:00,CON_SSFV,725650,0.5988,0.9282,0.019921,0,1,1
09:00,CON_SSFV,725659,0.5988,0.9282,0.019921,0,1,1
09:00,CON_SSFV,725660,0.5988,0.9282,0.019921,0,1,1
09:00,CON_SSFV,741064,1.6324,2.5303,0.054231,0,1,1
09:00,CON_SSFV,764757,0.5987,0.9281,0.019921,0,1,1
09:00,CON_SSFV,764758,0.5987,0.9281,0.019921,0,1,1
09:00,CON_SSFV,764759,0.5987,0.9281,0.019921,0,1,1
09:00,CON_SSFV,764760,0.5987,0.9281,0.019921,0,1,1
09:00,CON_SSFV,791042,0.3999,0.6199,-0.013281,0,1,1
09:00,CON_SSFV,791043,0.3999,0.6199,0.013281,0,1,1
09:00,CON_SSFV,791044,0.3999,0.6199,0.013281,0,1,1
09:00,CON_SSFV,791045,0.3999,0.6199,0.013281,0,1,1
09:00,CON_SSFV,804306,14.5039,56.5651,1.192744,0,1,1
09:00,CON_SSFV,806799,0.5991,0.9286,0.019921,0,1,1
09:00,CON_SSFV,807671,1.7309,2.6830,-0.055496,1,1,1
09:00,CON_SSFV,807672,1.7309,2.6830,-0.055496,1,1,1
09:00,CON_SSFV,807673,1.7309,2.6830,-0.055497,1,1,1
09:00,CON_SSFV,807674,1.7309,2.6830,-0.055497,1,1,1
09:00,CON_SSFV,807675,1.7309,2.6830,-0.055497,1,1,1
09:00,CON_SSFV,812080,1.5991,2.4787,0.053124,0,1,1
09:00,CON_SSFV,812081,1.5991,2.4787,0.053124,0,1,1
09:00,CON_SSFV,812082,1.5991,2.4787,0.053124,0,1,1
09:00,CON_SSFV,812083,1.5991,2.4787,0.053123,0,1,1
09:00,CON_SSFV,825166,0.5329,0.8261,0.017708,0,1,1
09:00,CON_SSFV,825167,0.5329,0.8261,0.017708,0,1,1
09:00,CON_SSFV,828934,1.0553,2.5419,4.268245,0,1,1
09:00,CON_SSFV,828942,0.3850,0.9277,-0.019921,0,1,1
09:00,CON_SSFV,828945,0.0020,0.0049,0.000033,0,1,1
09:00,CON_SSFV,828948,0.0006,0.0015,0.000011,0,1,1
09:00,CON_SSFV,9137,0.2993,0.4639,-0.009961,0,1,1
09:00,CON_SSFV,9138,0.2993,0.4639,-0.009961,0,1,1
09:00,CON_SSFV,9139,0.0000,0.0000,0.000022,0,1,1
09:00,CON_SSFV,9140,0.0000,0.0000,0.000011,0,1,1
09:00,CON_SSFV,9141,0.2993,0.4639,-0.009961,0,1,1
09:00,CON_SSFV,9142,0.2993,0.4639,-0.009961,0,1,1
09:00,CON_SSFV,9143,0.5986,0.9278,-0.019921,0,1,1
09:00,CON_SSFV,9253,0.5985,0.9276,-0.019921,0,1,1
09:00,CON_SSFV,9254,0.5985,0.9276,0.019921,0,1,1
09:00,CON_SSFV,9256,0.5985,0.9276,0.019921,0,1,1
09:00,CON_SSFV,9257,0.5985,0.9276,0.019921,0,1,1
09:00,CON_SSFV,9258,0.5985,0.9276,0.019921,0,1,1
09:00,CON_SSFV,9264,0.3991,0.6185,-0.013281,0,1,1
09:00,CON_SSFV,9265,0.3991,0.6185,0.013281,0,1,1
09:00,CON_SSFV,9266,0.3991,0.6185,0.013281,0,1,1
09:00,CON_SSFV,9267,0.3991,0.6185,0.013281,0,1,1
09:00,CON_SSFV,9268,0.3991,0.6185,0.013281,0,1,1
09:00,CON_SSFV,9274,0.5991,0.9286,0.019921,0,1,1
09:00,CON_SSFV,9275,0.5991,0.9286,0.019921,0,1,1
09:00,CON_SSFV,9276,0.5991,0.9286,0.019921,0,1,1
09:00,CON_SSFV,9277,0.5991,0.9286,0.019921,0,1,1
09:00,CON_SSFV,9299,1.2642,1.9595,0.042057,0,1,1
09:00,CON_SSFV,9300,1.2642,1.9595,0.042057,0,1,1
09:00,CON_SSFV,9301,1.2642,1.9595,0.042057,0,1,1
09:00,CON_SSFV,9302,0.2662,0.4125,0.008854,0,1,1
09:00,CON_SSFV,9320,0.3994,0.6190,0.013281,0,1,1
09:00,CON_SSFV,9321,0.3994,0.6190,0.013281,0,1,1
09:00,CON_SSFV,9322,0.3994,0.6190,0.013281,0,1,1
09:00,CON_SSFV,9323,0.3993,0.6190,0.013281,0,1,1
09:00,CON_SSFV,9341,0.4795,0.7432,-0.015937,0,1,1
09:00,CON_SSFV,9342,0.4795,0.7432,-0.015937,0,1,1
09:00,CON_SSFV,9344,0.9589,1.4864,0.031874,0,1,1
09:00,CON_SSFV,9345,0.7991,1.2386,0.026562,0,1,1
09:00,CON_SSFV,9351,0.1598,0.2477,0.005312,0,1,1
09:00,CON_SSFV,9352,0.1598,0.2477,0.005312,0,1,1
09:00,CON_SSFV,9783,0.5989,0.9284,0.019921,0,1,1
09:00,CON_SSFV,9784,0.5989,0.9284,0.019921,0,1,1
09:00,CON_SSFV,9785,0.5989,0.9284,0.019921,0,1,1
09:00,CON_SSFV,9811,0.2396,0.3714,0.007969,0,1,1
09:00,CON_SSFV,9822,0.2396,0.3714,0.007969,0,1,1
09:00,CON_SSFV,9823,0.2396,0.3714,0.007969,0,1,1
09:00,CON_SSFV,9824,0.2396,0.3714,0.007969,0,1,1
09:00,CON_SSFV,9839,2.5367,3.9318,-0.084321,0,1,1
09:00,CON_SSFV,9840,2.6042,4.0365,-0.086565,0,1,1
09:00,CON_SSFV,9841,2.5367,3.9318,-0.084320,0,1,1
09:00,CON_SSFV,9842,2.6042,4.0365,0.086565,0,1,1
09:00,CON_SSFV,9843,2.6636,4.1286,0.088541,0,1,1
09:00,CON_SSFV,9844,2.4772,3.8397,0.082343,0,1,1
09:00,CON_SSFV,9944,0.5993,0.9290,0.019921,0,1,1
09:00,CON_SSFV,9945,0.5993,0.9290,0.019921,0,1,1
09:00,CON_SSFV,9946,0.5993,0.9290,0.019921,0,1,1
09:00,CON_SSFV,9949,0.5994,0.9291,0.019921,0,1,1
09:00,CON_SSFV,9950,0.5994,0.9291,0.019921,0,1,1
09:00,CON_SSFV,9966,0.2664,0.4129,0.008854,0,1,1
09:00,CON_SSFV,9967,0.2664,0.4129,0.008854,0,1,1
09:00,CON_SSFV,9989,0.7993,1.2389,-0.026562,0,1,1
09:00,CON_SSFV,9990,0.7993,1.2389,0.026562,0,1,1
09:00,CON_SSFV,9991,0.7993,1.2389,0.026562,0,1,1
12:00,SIN_SSFV,10833,3.7693,5.8424,0.125100,0,1,1
12:00,SIN_SSFV,10834,1.8846,2.9212,0.062550,0,1,1
12:00,SIN_SSFV,10835,0.9616,1.4904,0.031913,0,1,1
12:00,SIN_SSFV,10836,1.2308,1.9077,0.040848,0,1,1
12:00,SIN_SSFV,10941,0.8078,1.2521,-0.026807,0,1,1
12:00,SIN_SSFV,10942,0.6924,1.0733,0.022977,0,1,1
12:00,SIN_SSFV,10943,0.6924,1.0733,0.022977,0,1,1
12:00,SIN_SSFV,10944,0.6924,1.0733,0.022977,0,1,1
12:00,SIN_SSFV,10945,0.6924,1.0733,0.022977,0,1,1
12:00,SIN_SSFV,10978,0.8078,1.2521,-0.026807,0,1,1
12:00,SIN_SSFV,10979,0.9232,1.4310,0.030636,0,1,1
12:00,SIN_SSFV,11284,0.5542,0.8591,0.018382,0,1,1
12:00,SIN_SSFV,11285,0.6004,0.9307,0.019914,0,1,1
12:00,SIN_SSFV,11286,0.9237,1.4318,0.030636,0,1,1
12:00,SIN_SSFV,11287,0.5542,0.8591,0.018382,0,1,1
12:00,SIN_SSFV,11288,0.4619,0.7159,-0.015318,0,1,1
12:00,SIN_SSFV,11289,0.4619,0.7159,0.015318,0,1,1
12:00,SIN_SSFV,11290,0.4619,0.7159,0.015318,0,1,1
12:00,SIN_SSFV,11342,0.4618,0.7158,-0.015318,0,1,1
12:00,SIN_SSFV,11343,0.4618,0.7158,0.015318,0,1,1
12:00,SIN_SSFV,11344,0.4618,0.7158,0.015318,0,1,1
12:00,SIN_SSFV,11381,0.4617,0.7156,-0.015318,0,1,1
12:00,SIN_SSFV,11382,0.4617,0.7156,0.015318,0,1,1
12:00,SIN_SSFV,11383,0.4617,0.7156,-0.015318,0,1,1
12:00,SIN_SSFV,11384,0.4617,0.7156,0.015318,0,1,1
12:00,SIN_SSFV,11385,0.4617,0.7156,0.015318,0,1,1
12:00,SIN_SSFV,15348,0.3076,0.4767,0.010212,0,1,1
12:00,SIN_SSFV,15349,0.1222,0.4767,0.010212,0,1,1
12:00,SIN_SSFV,15350,0.3076,0.4767,0.010212,0,1,1
12:00,SIN_SSFV,15351,0.3076,0.4767,0.010212,0,1,1
12:00,SIN_SSFV,21781,1.2520,2.5041,0.053614,0,1,1
12:00,SIN_SSFV,21782,1.2520,2.5041,0.053613,0,1,1
12:00,SIN_SSFV,21783,0.7155,1.4309,0.030636,0,1,1
12:00,SIN_SSFV,26711,0.9616,1.4904,0.031913,0,1,1
12:00,SIN_SSFV,26712,0.6923,1.0731,0.022977,0,1,1
12:00,SIN_SSFV,26713,0.6923,1.0731,0.022977,0,1,1
12:00,SIN_SSFV,40905,4.9106,7.6114,0.163397,0,1,1
12:00,SIN_SSFV,40906,4.9106,7.6114,0.163395,0,1,1
12:00,SIN_SSFV,40907,4.9106,7.6114,0.163393,0,1,1
12:00,SIN_SSFV,47594,0.5542,0.8591,0.018382,0,1,1
12:00,SIN_SSFV,47595,0.6004,0.9307,0.019914,0,1,1
12:00,SIN_SSFV,47596,0.2771,0.4295,0.009191,0,1,1
12:00,SIN_SSFV,47597,0.2771,0.4295,0.009191,0,1,1
12:00,SIN_SSFV,5105,19.8353,70.4148,1.514697,0,1,1
12:00,SIN_SSFV,5106,19.8357,70.4153,1.514533,0,1,1
12:00,SIN_SSFV,5108,19.8358,70.4167,1.514152,0,1,1
12:00,SIN_SSFV,5109,19.8359,70.4171,1.514056,0,1,1
12:00,SIN_SSFV,5110,19.8362,70.4176,1.513901,0,1,1
12:00,SIN_SSFV,5111,19.8365,70.4186,1.513628,0,1,1
12:00,SIN_SSFV,5112,19.8367,70.4194,1.513394,0,1,1
12:00,SIN_SSFV,5113,19.8368,70.4202,1.513184,0,1,1
12:00,SIN_SSFV,5117,19.8369,70.4208,1.513016,0,1,1
12:00,SIN_SSFV,5118,19.8372,70.4210,1.512954,0,1,1
12:00,SIN_SSFV,5120,19.8373,70.4220,1.512678,0,1,1
12:00,SIN_SSFV,5127,17.3920,61.7407,1.326181,0,1,1
12:00,SIN_SSFV,5128,17.0904,60.6711,-1.303003,0,1,1
12:00,SIN_SSFV,5129,16.6886,59.2437,1.272367,0,1,1
12:00,SIN_SSFV,5130,16.6888,59.2444,1.272230,0,1,1
12:00,SIN_SSFV,5132,2.6394,7.2581,0.155737,0,1,1
12:00,SIN_SSFV,5136,1.2751,3.5061,0.072741,0,1,1
12:00,SIN_SSFV,5140,14.0412,49.8452,1.070392,0,1,1
12:00,SIN_SSFV,5142,16.9144,46.5137,0.998779,0,1,1
12:00,SIN_SSFV,5143,16.5251,45.4433,0.975620,0,1,1
12:00,SIN_SSFV,5145,0.8718,2.5714,0.055145,0,1,1
12:00,SIN_SSFV,5147,15.3305,42.1583,0.905007,0,1,1
12:00,SIN_SSFV,5148,17.0490,41.0873,0.881918,0,1,1
12:00,SIN_SSFV,5153,14.9415,41.0881,0.881751,0,1,1
12:00,SIN_SSFV,5154,11.5972,31.8918,0.684495,0,1,1
12:00,SIN_SSFV,5156,10.5837,29.1045,0.624701,0,1,1
12:00,SIN_SSFV,5157,10.0208,27.5562,0.591450,0,1,1
12:00,SIN_SSFV,5158,9.5011,26.1270,0.560752,0,1,1
12:00,SIN_SSFV,5280,9.3278,25.6512,0.550483,0,1,1
12:00,SIN_SSFV,5281,10.6440,25.6515,0.550461,0,1,1
12:00,SIN_SSFV,5282,10.2486,24.6983,0.530004,0,1,1
12:00,SIN_SSFV,5283,10.2489,24.6990,0.529954,0,1,1
12:00,SIN_SSFV,5285,7.8250,18.8576,0.404788,0,1,1
12:00,SIN_SSFV,5287,6.3411,15.2811,0.328165,0,1,1
12:00,SIN_SSFV,5288,5.0054,12.0622,0.259209,0,1,1
12:00,SIN_SSFV,5289,5.0057,12.0630,0.259195,0,1,1
12:00,SIN_SSFV,5290,5.0060,12.0637,0.259183,0,1,1
12:00,SIN_SSFV,5291,4.4122,10.6333,0.228531,0,1,1
12:00,SIN_SSFV,5292,4.4124,10.6335,0.228529,0,1,1
12:00,SIN_SSFV,5294,4.4128,10.6339,0.228522,0,1,1
12:00,SIN_SSFV,5295,4.4131,10.6349,0.228509,0,1,1
12:00,SIN_SSFV,5296,4.4134,10.6356,0.228500,0,1,1
12:00,SIN_SSFV,5297,3.8201,9.2057,0.197839,0,1,1
12:00,SIN_SSFV,5298,3.8203,9.2064,0.197832,0,1,1
12:00,SIN_SSFV,5300,2.7512,6.6299,0.142680,0,1,1
12:00,SIN_SSFV,5304,0.0005,0.0013,0.000011,0,1,1
12:00,SIN_SSFV,5373,4.4138,10.6362,0.228490,0,1,1
12:00,SIN_SSFV,714206,1.8028,2.7943,0.057423,0,1,1
12:00,SIN_SSFV,714207,1.7657,2.7368,0.058720,0,1,1
12:00,SIN_SSFV,714208,3.0708,4.7597,0.102121,0,1,1
12:00,SIN_SSFV,714209,3.0708,4.7597,0.102121,0,1,1
12:00,SIN_SSFV,714525,0.4666,1.0732,0.022977,0,1,1
12:00,SIN_SSFV,717305,0.4607,0.7141,0.015318,0,1,1
12:00,SIN_SSFV,717306,0.4607,0.7141,0.015318,0,1,1
12:00,SIN_SSFV,720189,1.7405,2.6978,0.060017,0,1,1
12:00,SIN_SSFV,720190,1.7405,2.6978,0.060017,0,1,1
12:00,SIN_SSFV,720191,1.7405,2.6978,0.060017,0,1,1
12:00,SIN_SSFV,720192,1.7657,2.7368,0.058720,0,1,1
12:00,SIN_SSFV,720193,0.4606,0.7140,0.015318,0,1,1
12:00,SIN_SSFV,720194,0.4606,0.7140,0.015318,0,1,1
12:00,SIN_SSFV,725649,0.6910,1.0711,0.022977,0,1,1
12:00,SIN_SSFV,725650,0.6910,1.0711,0.022977,0,1,1
12:00,SIN_SSFV,725659,0.6910,1.0711,0.022977,0,1,1
12:00,SIN_SSFV,725660,0.6910,1.0711,0.022977,0,1,1
12:00,SIN_SSFV,741064,1.8846,2.9212,0.062550,0,1,1
12:00,SIN_SSFV,764757,0.6909,1.0709,0.022977,0,1,1
12:00,SIN_SSFV,764758,0.6909,1.0709,0.022977,0,1,1
12:00,SIN_SSFV,764759,0.6909,1.0709,0.022977,0,1,1
12:00,SIN_SSFV,764760,0.6909,1.0709,0.022977,0,1,1
12:00,SIN_SSFV,791042,0.4618,0.7158,-0.015318,0,1,1
12:00,SIN_SSFV,791043,0.4618,0.7158,0.015318,0,1,1
12:00,SIN_SSFV,791044,0.4618,0.7158,0.015318,0,1,1
12:00,SIN_SSFV,791045,0.4618,0.7158,0.015318,0,1,1
12:00,SIN_SSFV,804306,18.0551,70.4148,1.514723,0,1,1
12:00,SIN_SSFV,806799,0.6914,1.0717,0.022977,0,1,1
12:00,SIN_SSFV,807671,2.2017,3.4126,0.073742,1,1,1
12:00,SIN_SSFV,807672,2.2017,3.4126,0.073742,1,1,1
12:00,SIN_SSFV,807673,2.2017,3.4126,0.073741,1,1,1
12:00,SIN_SSFV,807674,2.2017,3.4126,0.073741,1,1,1
12:00,SIN_SSFV,807675,2.2017,3.4126,0.073741,1,1,1
12:00,SIN_SSFV,812080,1.8462,2.8616,0.061273,0,1,1
12:00,SIN_SSFV,812081,1.8462,2.8616,0.061273,0,1,1
12:00,SIN_SSFV,812082,1.8462,2.8616,0.061272,0,1,1
12:00,SIN_SSFV,812083,1.8462,2.8616,0.061272,0,1,1
12:00,SIN_SSFV,825166,0.6152,0.9536,0.020424,0,1,1
12:00,SIN_SSFV,825167,0.6152,0.9536,0.020424,0,1,1
12:00,SIN_SSFV,828934,2.7515,6.6304,0.142677,0,1,1
12:00,SIN_SSFV,828942,0.4447,1.0718,-0.022977,0,1,1
12:00,SIN_SSFV,828945,0.0020,0.0049,0.000033,0,1,1
12:00,SIN_SSFV,828948,0.0006,0.0015,0.000011,0,1,1
12:00,SIN_SSFV,9137,0.3453,0.5353,-0.011489,0,1,1
12:00,SIN_SSFV,9138,0.3453,0.5353,-0.011489,0,1,1
12:00,SIN_SSFV,9139,0.0000,0.0000,0.000022,0,1,1
12:00,SIN_SSFV,9140,0.0000,0.0000,0.000011,0,1,1
12:00,SIN_SSFV,9141,0.3453,0.5353,-0.011489,0,1,1
12:00,SIN_SSFV,9142,0.3453,0.5353,-0.011489,0,1,1
12:00,SIN_SSFV,9143,0.6907,1.0705,-0.022977,0,1,1
12:00,SIN_SSFV,9253,0.6905,1.0703,-0.022977,0,1,1
12:00,SIN_SSFV,9254,0.6905,1.0703,0.022977,0,1,1
12:00,SIN_SSFV,9256,0.6905,1.0703,0.022977,0,1,1
12:00,SIN_SSFV,9257,0.6905,1.0703,0.022977,0,1,1
12:00,SIN_SSFV,9258,0.6905,1.0703,0.022977,0,1,1
12:00,SIN_SSFV,9264,0.4605,0.7137,-0.015318,0,1,1
12:00,SIN_SSFV,9265,0.4605,0.7137,0.015318,0,1,1
12:00,SIN_SSFV,9266,0.4605,0.7137,0.015318,0,1,1
12:00,SIN_SSFV,9267,0.4605,0.7137,0.015318,0,1,1
12:00,SIN_SSFV,9268,0.4605,0.7137,0.015318,0,1,1
12:00,SIN_SSFV,9274,0.6914,1.0717,0.022977,0,1,1
12:00,SIN_SSFV,9275,0.6914,1.0717,0.022977,0,1,1
12:00,SIN_SSFV,9276,0.6914,1.0717,0.022977,0,1,1
12:00,SIN_SSFV,9277,0.6914,1.0717,0.022977,0,1,1
12:00,SIN_SSFV,9299,1.4589,2.2613,0.048508,0,1,1
12:00,SIN_SSFV,9300,1.4589,2.2613,0.048508,0,1,1
12:00,SIN_SSFV,9301,1.4589,2.2613,0.048508,0,1,1
12:00,SIN_SSFV,9302,0.3071,0.4761,0.010212,0,1,1
12:00,SIN_SSFV,9320,0.4609,0.7144,0.015318,0,1,1
12:00,SIN_SSFV,9321,0.4609,0.7144,0.015318,0,1,1
12:00,SIN_SSFV,9322,0.4609,0.7144,0.015318,0,1,1
12:00,SIN_SSFV,9323,0.4609,0.7144,0.015318,0,1,1
12:00,SIN_SSFV,9341,0.5534,0.8578,-0.018382,0,1,1
12:00,SIN_SSFV,9342,0.5534,0.8578,-0.018382,0,1,1
12:00,SIN_SSFV,9344,1.1069,1.7156,0.036764,0,1,1
12:00,SIN_SSFV,9345,0.9224,1.4297,0.030636,0,1,1
12:00,SIN_SSFV,9351,0.1845,0.2859,0.006127,0,1,1
12:00,SIN_SSFV,9352,0.1845,0.2859,0.006127,0,1,1
12:00,SIN_SSFV,9783,0.6912,1.0713,0.022977,0,1,1
12:00,SIN_SSFV,9784,0.6912,1.0713,0.022977,0,1,1
12:00,SIN_SSFV,9785,0.6912,1.0713,0.022977,0,1,1
12:00,SIN_SSFV,9811,0.2765,0.4286,0.009191,0,1,1
12:00,SIN_SSFV,9822,0.2765,0.4286,0.009191,0,1,1
12:00,SIN_SSFV,9823,0.2765,0.4286,0.009191,0,1,1
12:00,SIN_SSFV,9824,0.2765,0.4286,0.009191,0,1,1
12:00,SIN_SSFV,9839,2.9279,4.5383,-0.097256,0,1,1
12:00,SIN_SSFV,9840,3.0058,4.6590,-0.099844,0,1,1
12:00,SIN_SSFV,9841,2.9279,4.5383,-0.097255,0,1,1
12:00,SIN_SSFV,9842,3.0058,4.6590,0.099844,0,1,1
12:00,SIN_SSFV,9843,3.0745,4.7654,0.102123,0,1,1
12:00,SIN_SSFV,9844,2.8593,4.4319,0.094975,0,1,1
12:00,SIN_SSFV,9944,0.6918,1.0723,0.022977,0,1,1
12:00,SIN_SSFV,9945,0.6918,1.0723,0.022977,0,1,1
12:00,SIN_SSFV,9946,0.6918,1.0723,0.022977,0,1,1
12:00,SIN_SSFV,9949,0.6919,1.0724,0.022977,0,1,1
12:00,SIN_SSFV,9950,0.6919,1.0724,0.022977,0,1,1
12:00,SIN_SSFV,9966,0.3075,0.4766,0.010212,0,1,1
12:00,SIN_SSFV,9967,0.3075,0.4766,0.010212,0,1,1
12:00,SIN_SSFV,9989,0.9226,1.4301,-0.030636,0,1,1
12:00,SIN_SSFV,9990,0.9226,1.4301,0.030636,0,1,1
12:00,SIN_SSFV,9991,0.9226,1.4301,0.030636,0,1,1
12:00,CON_SSFV,10833,3.7680,5.8405,0.125100,0,1,1
12:00,CON_SSFV,10834,1.8840,2.9202,0.062550,0,1,1
12:00,CON_SSFV,10835,0.9612,1.4899,0.031913,0,1,1
12:00,CON_SSFV,10836,1.2304,1.9071,0.040848,0,1,1
12:00,CON_SSFV,10941,0.8075,1.2517,-0.026807,0,1,1
12:00,CON_SSFV,10942,0.6922,1.0729,0.022977,0,1,1
12:00,CON_SSFV,10943,0.6922,1.0729,0.022977,0,1,1
12:00,CON_SSFV,10944,0.6922,1.0729,0.022977,0,1,1
12:00,CON_SSFV,10945,0.6922,1.0729,0.022977,0,1,1
12:00,CON_SSFV,10978,0.8075,1.2517,-0.026807,0,1,1
12:00,CON_SSFV,10979,0.9229,1.4305,0.030636,0,1,1
12:00,CON_SSFV,11284,0.5539,0.8586,0.018382,0,1,1
12:00,CON_SSFV,11285,0.6001,0.9301,0.019914,0,1,1
12:00,CON_SSFV,11286,0.9232,1.4310,0.030636,0,1,1
12:00,CON_SSFV,11287,0.5539,0.8586,0.018382,0,1,1
12:00,CON_SSFV,11288,0.4616,0.7155,-0.015318,0,1,1
12:00,CON_SSFV,11289,0.4616,0.7155,0.015318,0,1,1
12:00,CON_SSFV,11290,0.4616,0.7155,0.015318,0,1,1
12:00,CON_SSFV,11342,0.4616,0.7155,-0.015318,0,1,1
12:00,CON_SSFV,11343,0.4616,0.7155,0.015318,0,1,1
12:00,CON_SSFV,11344,0.4616,0.7155,0.015318,0,1,1
12:00,CON_SSFV,11381,0.4615,0.7153,-0.015318,0,1,1
12:00,CON_SSFV,11382,0.4615,0.7153,0.015318,0,1,1
12:00,CON_SSFV,11383,0.4615,0.7153,-0.015318,0,1,1
12:00,CON_SSFV,11384,0.4615,0.7153,0.015318,0,1,1
12:00,CON_SSFV,11385,0.4615,0.7153,0.015318,0,1,1
12:00,CON_SSFV,15348,0.3075,0.4766,0.010212,0,1,1
12:00,CON_SSFV,15349,0.1222,0.4766,0.010212,0,1,1
12:00,CON_SSFV,15350,0.3075,0.4766,0.010212,0,1,1
12:00,CON_SSFV,15351,0.3075,0.4766,0.010212,0,1,1
12:00,CON_SSFV,21781,1.2516,2.5032,0.053614,0,1,1
12:00,CON_SSFV,21782,1.2516,2.5032,0.053613,0,1,1
12:00,CON_SSFV,21783,0.7152,1.4304,0.030636,0,1,1
12:00,CON_SSFV,26711,0.9612,1.4899,0.031913,0,1,1
12:00,CON_SSFV,26712,0.6921,1.0727,0.022977,0,1,1
12:00,CON_SSFV,26713,0.6921,1.0727,0.022977,0,1,1
12:00,CON_SSFV,40905,4.9101,7.6107,0.163397,0,1,1
12:00,CON_SSFV,40906,4.9101,7.6107,0.163395,0,1,1
12:00,CON_SSFV,40907,4.9101,7.6107,0.163393,0,1,1
12:00,CON_SSFV,47594,0.5539,0.8586,0.018382,0,1,1
12:00,CON_SSFV,47595,0.6001,0.9301,0.019914,0,1,1
12:00,CON_SSFV,47596,0.2770,0.4293,0.009191,0,1,1
12:00,CON_SSFV,47597,0.2770,0.4293,0.009191,0,1,1
12:00,CON_SSFV,5105,18.5715,65.9283,1.394356,0,1,1
12:00,CON_SSFV,5106,18.5719,65.9289,1.394212,0,1,1
12:00,CON_SSFV,5108,18.5720,65.9303,1.393879,0,1,1
12:00,CON_SSFV,5109,18.5722,65.9307,1.393794,0,1,1
12:00,CON_SSFV,5110,18.5725,65.9313,1.393658,0,1,1
12:00,CON_SSFV,5111,18.5727,65.9324,1.393419,0,1,1
12:00,CON_SSFV,5112,18.5730,65.9333,1.393214,0,1,1
12:00,CON_SSFV,5113,18.5732,65.9341,1.393030,0,1,1
12:00,CON_SSFV,5117,18.5732,65.9347,1.392882,0,1,1
12:00,CON_SSFV,5118,18.5735,65.9349,1.392828,0,1,1
12:00,CON_SSFV,5120,18.5737,65.9360,1.392587,0,1,1
12:00,CON_SSFV,5127,16.1300,57.2608,1.206105,0,1,1
12:00,CON_SSFV,5128,15.8288,56.1922,-1.182955,0,1,1
12:00,CON_SSFV,5129,15.4272,54.7660,1.152319,0,1,1
12:00,CON_SSFV,5130,15.4275,54.7667,1.152202,0,1,1
12:00,CON_SSFV,5132,2.6391,7.2572,0.155737,0,1,1
12:00,CON_SSFV,5136,1.2749,3.5057,0.072741,0,1,1
12:00,CON_SSFV,5140,12.7827,45.3774,0.950385,0,1,1
12:00,CON_SSFV,5142,15.2915,42.0505,0.878794,0,1,1
12:00,CON_SSFV,5143,14.9028,40.9817,0.855668,0,1,1
12:00,CON_SSFV,5145,0.8716,2.5710,0.055145,0,1,1
12:00,CON_SSFV,5147,13.7102,37.7023,0.785083,0,1,1
12:00,CON_SSFV,5148,15.2009,36.6333,0.762017,0,1,1
12:00,CON_SSFV,5153,13.3219,36.6342,0.761884,0,1,1
12:00,CON_SSFV,5154,9.9860,27.4609,0.564659,0,1,1
12:00,CON_SSFV,5156,8.9762,24.6836,0.504879,0,1,1
12:00,CON_SSFV,5157,8.4157,23.1421,0.471645,0,1,1
12:00,CON_SSFV,5158,7.8986,21.7200,0.440966,0,1,1
12:00,CON_SSFV,5280,7.7263,21.2468,0.430714,0,1,1
12:00,CON_SSFV,5281,8.8165,21.2472,0.430699,0,1,1
12:00,CON_SSFV,5282,8.4234,20.2995,0.410252,0,1,1
12:00,CON_SSFV,5283,8.4238,20.3003,0.410218,0,1,1
12:00,CON_SSFV,5285,6.0198,14.5067,0.285074,0,1,1
12:00,CON_SSFV,5287,4.5581,10.9838,0.208464,0,1,1
12:00,CON_SSFV,5288,3.2593,7.8537,0.139520,0,1,1
12:00,CON_SSFV,5289,3.2597,7.8549,0.139514,0,1,1
12:00,CON_SSFV,5290,3.2603,7.8559,0.139509,0,1,1
12:00,CON_SSFV,5291,2.6944,6.4932,0.108866,0,1,1
12:00,CON_SSFV,5292,2.6947,6.4934,0.108865,0,1,1
12:00,CON_SSFV,5294,2.6953,6.4942,0.108862,0,1,1
12:00,CON_SSFV,5295,2.6958,6.4958,0.108858,0,1,1
12:00,CON_SSFV,5296,2.6963,6.4969,0.108854,0,1,1
12:00,CON_SSFV,5297,2.1467,5.1722,0.078209,0,1,1
12:00,CON_SSFV,5298,2.1471,5.1734,0.078206,0,1,1
12:00,CON_SSFV,5300,1.2587,3.0324,0.023059,0,1,1
12:00,CON_SSFV,5304,0.0005,0.0013,0.000011,0,1,1
12:00,CON_SSFV,5373,2.6970,6.4980,0.108851,0,1,1
12:00,CON_SSFV,714206,1.8025,2.7940,0.057423,0,1,1
12:00,CON_SSFV,714207,1.7655,2.7365,0.058720,0,1,1
12:00,CON_SSFV,714208,3.0704,4.7592,0.102121,0,1,1
12:00,CON_SSFV,714209,3.0704,4.7592,0.102121,0,1,1
12:00,CON_SSFV,714525,0.4664,1.0728,0.022977,0,1,1
12:00,CON_SSFV,717305,0.4606,0.7140,0.015318,0,1,1
12:00,CON_SSFV,717306,0.4606,0.7140,0.015318,0,1,1
12:00,CON_SSFV,720189,1.7403,2.6975,0.060017,0,1,1
12:00,CON_SSFV,720190,1.7403,2.6975,0.060017,0,1,1
12:00,CON_SSFV,720191,1.7403,2.6975,0.060017,0,1,1
12:00,CON_SSFV,720192,1.7655,2.7365,0.058720,0,1,1
12:00,CON_SSFV,720193,0.4606,0.7139,0.015318,0,1,1
12:00,CON_SSFV,720194,0.4606,0.7139,0.015318,0,1,1
12:00,CON_SSFV,725649,0.6910,1.0710,0.022977,0,1,1
12:00,CON_SSFV,725650,0.6910,1.0710,0.022977,0,1,1
12:00,CON_SSFV,725659,0.6910,1.0710,0.022977,0,1,1
12:00,CON_SSFV,725660,0.6910,1.0710,0.022977,0,1,1
12:00,CON_SSFV,741064,1.8840,2.9202,0.062550,0,1,1
12:00,CON_SSFV,764757,0.6908,1.0708,0.022977,0,1,1
12:00,CON_SSFV,764758,0.6908,1.0708,0.022977,0,1,1
12:00,CON_SSFV,764759,0.6908,1.0708,0.022977,0,1,1
12:00,CON_SSFV,764760,0.6908,1.0708,0.022977,0,1,1
12:00,CON_SSFV,791042,0.4616,0.7155,-0.015318,0,1,1
12:00,CON_SSFV,791043,0.4616,0.7155,0.015318,0,1,1
12:00,CON_SSFV,791044,0.4616,0.7155,0.015318,0,1,1
12:00,CON_SSFV,791045,0.4616,0.7155,0.015318,0,1,1
12:00,CON_SSFV,804306,16.9047,65.9283,1.394379,0,1,1
12:00,CON_SSFV,806799,0.6913,1.0715,0.022977,0,1,1
12:00,CON_SSFV,807671,1.5681,2.4305,-0.045874,1,1,1
12:00,CON_SSFV,807672,1.5681,2.4305,-0.045874,1,1,1
12:00,CON_SSFV,807673,1.5681,2.4305,-0.045874,1,1,1
12:00,CON_SSFV,807674,1.5681,2.4305,-0.045874,1,1,1
12:00,CON_SSFV,807675,1.5681,2.4305,-0.045875,1,1,1
12:00,CON_SSFV,812080,1.8456,2.8606,0.061273,0,1,1
12:00,CON_SSFV,812081,1.8456,2.8606,0.061273,0,1,1
12:00,CON_SSFV,812082,1.8456,2.8606,0.061272,0,1,1
12:00,CON_SSFV,812083,1.8456,2.8606,0.061272,0,1,1
12:00,CON_SSFV,825166,0.6150,0.9533,0.020424,0,1,1
12:00,CON_SSFV,825167,0.6150,0.9533,0.020424,0,1,1
12:00,CON_SSFV,828934,1.2593,3.0335,0.023058,0,1,1
12:00,CON_SSFV,828942,0.4445,1.0712,-0.022977,0,1,1
12:00,CON_SSFV,828945,0.0020,0.0049,0.000033,0,1,1
12:00,CON_SSFV,828948,0.0006,0.0015,0.000011,0,1,1
12:00,CON_SSFV,9137,0.3453,0.5352,-0.011489,0,1,1
12:00,CON_SSFV,9138,0.3453,0.5352,-0.011489,0,1,1
12:00,CON_SSFV,9139,0.0000,0.0000,0.000022,0,1,1
12:00,CON_SSFV,9140,0.0000,0.0000,0.000011,0,1,1
12:00,CON_SSFV,9141,0.3453,0.5352,-0.011489,0,1,1
12:00,CON_SSFV,9142,0.3453,0.5352,-0.011489,0,1,1
12:00,CON_SSFV,9143,0.6906,1.0704,-0.022977,0,1,1
12:00,CON_SSFV,9253,0.6905,1.0702,-0.022977,0,1,1
12:00,CON_SSFV,9254,0.6905,1.0702,0.022977,0,1,1
12:00,CON_SSFV,9256,0.6905,1.0702,0.022977,0,1,1
12:00,CON_SSFV,9257,0.6905,1.0702,0.022977,0,1,1
12:00,CON_SSFV,9258,0.6905,1.0702,0.022977,0,1,1
12:00,CON_SSFV,9264,0.4604,0.7136,-0.015318,0,1,1
12:00,CON_SSFV,9265,0.4604,0.7136,0.015318,0,1,1
12:00,CON_SSFV,9266,0.4604,0.7136,0.015318,0,1,1
12:00,CON_SSFV,9267,0.4604,0.7136,0.015318,0,1,1
12:00,CON_SSFV,9268,0.4604,0.7136,0.015318,0,1,1
12:00,CON_SSFV,9274,0.6913,1.0715,0.022977,0,1,1
12:00,CON_SSFV,9275,0.6913,1.0715,0.022977,0,1,1
12:00,CON_SSFV,9276,0.6913,1.0715,0.022977,0,1,1
12:00,CON_SSFV,9277,0.6913,1.0715,0.022977,0,1,1
12:00,CON_SSFV,9299,1.4587,2.2610,0.048508,0,1,1
12:00,CON_SSFV,9300,1.4587,2.2610,0.048508,0,1,1
12:00,CON_SSFV,9301,1.4587,2.2610,0.048508,0,1,1
12:00,CON_SSFV,9302,0.3071,0.4760,0.010212,0,1,1
12:00,CON_SSFV,9320,0.4608,0.7142,0.015318,0,1,1
12:00,CON_SSFV,9321,0.4608,0.7142,0.015318,0,1,1
12:00,CON_SSFV,9322,0.4608,0.7142,0.015318,0,1,1
12:00,CON_SSFV,9323,0.4608,0.7142,0.015318,0,1,1
12:00,CON_SSFV,9341,0.5533,0.8576,-0.018382,0,1,1
12:00,CON_SSFV,9342,0.5533,0.8576,-0.018382,0,1,1
12:00,CON_SSFV,9344,1.1066,1.7153,0.036764,0,1,1
12:00,CON_SSFV,9345,0.9222,1.4294,0.030636,0,1,1
12:00,CON_SSFV,9351,0.1844,0.2859,0.006127,0,1,1
12:00,CON_SSFV,9352,0.1844,0.2859,0.006127,0,1,1
12:00,CON_SSFV,9783,0.6911,1.0712,0.022977,0,1,1
12:00,CON_SSFV,9784,0.6911,1.0712,0.022977,0,1,1
12:00,CON_SSFV,9785,0.6911,1.0712,0.022977,0,1,1
12:00,CON_SSFV,9811,0.2765,0.4286,0.009191,0,1,1
12:00,CON_SSFV,9822,0.2765,0.4285,0.009191,0,1,1
12:00,CON_SSFV,9823,0.2765,0.4285,0.009191,0,1,1
12:00,CON_SSFV,9824,0.2765,0.4285,0.009191,0,1,1
12:00,CON_SSFV,9839,2.9273,4.5373,-0.097256,0,1,1
12:00,CON_SSFV,9840,3.0052,4.6580,-0.099844,0,1,1
12:00,CON_SSFV,9841,2.9273,4.5373,-0.097255,0,1,1
12:00,CON_SSFV,9842,3.0052,4.6580,0.099844,0,1,1
12:00,CON_SSFV,9843,3.0738,4.7644,0.102123,0,1,1
12:00,CON_SSFV,9844,2.8587,4.4309,0.094975,0,1,1
12:00,CON_SSFV,9944,0.6916,1.0720,0.022977,0,1,1
12:00,CON_SSFV,9945,0.6916,1.0720,0.022977,0,1,1
12:00,CON_SSFV,9946,0.6916,1.0720,0.022977,0,1,1
12:00,CON_SSFV,9949,0.6917,1.0721,0.022977,0,1,1
12:00,CON_SSFV,9950,0.6917,1.0721,0.022977,0,1,1
12:00,CON_SSFV,9966,0.3074,0.4765,0.010212,0,1,1
12:00,CON_SSFV,9967,0.3074,0.4765,0.010212,0,1,1
12:00,CON_SSFV,9989,0.9224,1.4297,-0.030636,0,1,1
12:00,CON_SSFV,9990,0.9224,1.4297,0.030636,0,1,1
12:00,CON_SSFV,9991,0.9224,1.4297,0.030636,0,1,1
15:00,SIN_SSFV,10833,3.6690,5.6870,0.121787,0,1,1
15:00,SIN_SSFV,10834,1.8345,2.8435,0.060893,0,1,1
15:00,SIN_SSFV,10835,0.9360,1.4508,0.031068,0,1,1
15:00,SIN_SSFV,10836,1.1980,1.8570,0.039766,0,1,1
15:00,SIN_SSFV,10941,0.7863,1.2188,-0.026097,0,1,1
15:00,SIN_SSFV,10942,0.6740,1.0447,0.022369,0,1,1
15:00,SIN_SSFV,10943,0.6740,1.0447,0.022369,0,1,1
15:00,SIN_SSFV,10944,0.6740,1.0447,0.022369,0,1,1
15:00,SIN_SSFV,10945,0.6740,1.0447,0.022369,0,1,1
15:00,SIN_SSFV,10978,0.7863,1.2188,-0.026097,0,1,1
15:00,SIN_SSFV,10979,0.8987,1.3929,0.029825,0,1,1
15:00,SIN_SSFV,11284,0.5395,0.8362,0.017895,0,1,1
15:00,SIN_SSFV,11285,0.5845,0.9059,0.019386,0,1,1
15:00,SIN_SSFV,11286,0.8992,1.3937,0.029825,0,1,1
15:00,SIN_SSFV,11287,0.5395,0.8362,0.017895,0,1,1
15:00,SIN_SSFV,11288,0.4496,0.6968,-0.014912,0,1,1
15:00,SIN_SSFV,11289,0.4496,0.6968,0.014912,0,1,1
15:00,SIN_SSFV,11290,0.4496,0.6968,0.014912,0,1,1
15:00,SIN_SSFV,11342,0.4495,0.6968,-0.014912,0,1,1
15:00,SIN_SSFV,11343,0.4495,0.6968,0.014912,0,1,1
15:00,SIN_SSFV,11344,0.4495,0.6968,0.014912,0,1,1
15:00,SIN_SSFV,11381,0.4494,0.6966,-0.014912,0,1,1
15:00,SIN_SSFV,11382,0.4494,0.6966,0.014912,0,1,1
15:00,SIN_SSFV,11383,0.4494,0.6966,-0.014912,0,1,1
15:00,SIN_SSFV,11384,0.4494,0.6966,0.014912,0,1,1
15:00,SIN_SSFV,11385,0.4494,0.6966,0.014912,0,1,1
15:00,SIN_SSFV,15348,0.2994,0.4641,0.009942,0,1,1
15:00,SIN_SSFV,15349,0.1190,0.4641,0.009942,0,1,1
15:00,SIN_SSFV,15350,0.2994,0.4641,0.009942,0,1,1
15:00,SIN_SSFV,15351,0.2994,0.4641,0.009942,0,1,1
15:00,SIN_SSFV,21781,1.2187,2.4375,0.052194,0,1,1
15:00,SIN_SSFV,21782,1.2187,2.4375,0.052194,0,1,1
15:00,SIN_SSFV,21783,0.6964,1.3928,0.029825,0,1,1
15:00,SIN_SSFV,26711,0.9360,1.4508,0.031068,0,1,1
15:00,SIN_SSFV,26712,0.6739,1.0445,0.022369,0,1,1
15:00,SIN_SSFV,26713,0.6739,1.0445,0.022369,0,1,1
15:00,SIN_SSFV,40905,4.7803,7.4094,0.159069,0,1,1
15:00,SIN_SSFV,40906,4.7803,7.4094,0.159068,0,1,1
15:00,SIN_SSFV,40907,4.7803,7.4094,0.159066,0,1,1
15:00,SIN_SSFV,47594,0.5395,0.8362,0.017895,0,1,1
15:00,SIN_SSFV,47595,0.5845,0.9059,0.019386,0,1,1
15:00,SIN_SSFV,47596,0.2697,0.4181,0.008947,0,1,1
15:00,SIN_SSFV,47597,0.2697,0.4181,0.008947,0,1,1
15:00,SIN_SSFV,5105,19.3085,68.5444,1.474489,0,1,1
15:00,SIN_SSFV,5106,19.3088,68.5450,1.474334,0,1,1
15:00,SIN_SSFV,5108,19.3089,68.5464,1.473973,0,1,1
15:00,SIN_SSFV,5109,19.3091,68.5467,1.473882,0,1,1
15:00,SIN_SSFV,5110,19.3094,68.5473,1.473735,0,1,1
15:00,SIN_SSFV,5111,19.3096,68.5483,1.473477,0,1,1
15:00,SIN_SSFV,5112,19.3098,68.5491,1.473254,0,1,1
15:00,SIN_SSFV,5113,19.3100,68.5498,1.473056,0,1,1
15:00,SIN_SSFV,5117,19.3100,68.5504,1.472896,0,1,1
15:00,SIN_SSFV,5118,19.3103,68.5507,1.472838,0,1,1
15:00,SIN_SSFV,5120,19.3105,68.5517,1.472576,0,1,1
15:00,SIN_SSFV,5127,16.9300,60.1007,1.291021,0,1,1
15:00,SIN_SSFV,5128,16.6365,59.0596,-1.268463,0,1,1
15:00,SIN_SSFV,5129,16.2453,57.6700,1.238638,0,1,1
15:00,SIN_SSFV,5130,16.2455,57.6707,1.238508,0,1,1
15:00,SIN_SSFV,5132,2.5693,7.0654,0.151612,0,1,1
15:00,SIN_SSFV,5136,1.2412,3.4130,0.070815,0,1,1
15:00,SIN_SSFV,5140,13.6682,48.5211,1.042019,0,1,1
15:00,SIN_SSFV,5142,16.4651,45.2782,0.972306,0,1,1
15:00,SIN_SSFV,5143,16.0862,44.2362,0.949764,0,1,1
15:00,SIN_SSFV,5145,0.8486,2.5031,0.053685,0,1,1
15:00,SIN_SSFV,5147,14.9233,41.0385,0.881025,0,1,1
15:00,SIN_SSFV,5148,16.5962,39.9959,0.858551,0,1,1
15:00,SIN_SSFV,5153,14.5446,39.9968,0.858393,0,1,1
15:00,SIN_SSFV,5154,11.2893,31.0450,0.666365,0,1,1
15:00,SIN_SSFV,5156,10.3027,28.3317,0.608156,0,1,1
15:00,SIN_SSFV,5157,9.7547,26.8247,0.575787,0,1,1
15:00,SIN_SSFV,5158,9.2489,25.4335,0.545904,0,1,1
15:00,SIN_SSFV,5280,9.0802,24.9703,0.535908,0,1,1
15:00,SIN_SSFV,5281,10.3614,24.9707,0.535887,0,1,1
15:00,SIN_SSFV,5282,9.9766,24.0428,0.515973,0,1,1
15:00,SIN_SSFV,5283,9.9769,24.0435,0.515925,0,1,1
15:00,SIN_SSFV,5285,7.6175,18.3575,0.394075,0,1,1
15:00,SIN_SSFV,5287,6.1731,14.8762,0.319482,0,1,1
15:00,SIN_SSFV,5288,4.8729,11.7430,0.252353,0,1,1
15:00,SIN_SSFV,5289,4.8732,11.7437,0.252340,0,1,1
15:00,SIN_SSFV,5290,4.8736,11.7444,0.252329,0,1,1
15:00,SIN_SSFV,5291,4.2956,10.3521,0.222489,0,1,1
15:00,SIN_SSFV,5292,4.2958,10.3523,0.222487,0,1,1
15:00,SIN_SSFV,5294,4.2961,10.3528,0.222481,0,1,1
15:00,SIN_SSFV,5295,4.2964,10.3537,0.222468,0,1,1
15:00,SIN_SSFV,5296,4.2967,10.3544,0.222459,0,1,1
15:00,SIN_SSFV,5297,3.7192,8.9626,0.192611,0,1,1
15:00,SIN_SSFV,5298,3.7195,8.9633,0.192604,0,1,1
15:00,SIN_SSFV,5300,2.6788,6.4554,0.138913,0,1,1
15:00,SIN_SSFV,5304,0.0005,0.0013,0.000011,0,1,1
15:00,SIN_SSFV,5373,4.2972,10.3551,0.222450,0,1,1
15:00,SIN_SSFV,714206,1.7549,2.7201,0.055902,0,1,1
15:00,SIN_SSFV,714207,1.7188,2.6642,0.057165,0,1,1
15:00,SIN_SSFV,714208,2.9893,4.6334,0.099417,0,1,1
15:00,SIN_SSFV,714209,2.9893,4.6334,0.099416,0,1,1
15:00,SIN_SSFV,714525,0.4542,1.0446,0.022369,0,1,1
15:00,SIN_SSFV,717305,0.4485,0.6951,0.014912,0,1,1
15:00,SIN_SSFV,717306,0.4485,0.6951,0.014912,0,1,1
15:00,SIN_SSFV,720189,1.6943,2.6262,0.058428,0,1,1
15:00,SIN_SSFV,720190,1.6943,2.6262,0.058427,0,1,1
15:00,SIN_SSFV,720191,1.6943,2.6262,0.058427,0,1,1
15:00,SIN_SSFV,720192,1.7188,2.6642,0.057165,0,1,1
15:00,SIN_SSFV,720193,0.4484,0.6950,0.014912,0,1,1
15:00,SIN_SSFV,720194,0.4484,0.6950,0.014912,0,1,1
15:00,SIN_SSFV,725649,0.6727,1.0427,0.022369,0,1,1
15:00,SIN_SSFV,725650,0.6727,1.0427,0.022369,0,1,1
15:00,SIN_SSFV,725659,0.6727,1.0427,0.022369,0,1,1
15:00,SIN_SSFV,725660,0.6727,1.0427,0.022369,0,1,1
15:00,SIN_SSFV,741064,1.8345,2.8435,0.060893,0,1,1
15:00,SIN_SSFV,764757,0.6726,1.0425,0.022369,0,1,1
15:00,SIN_SSFV,764758,0.6726,1.0425,0.022369,0,1,1
15:00,SIN_SSFV,764759,0.6726,1.0425,0.022369,0,1,1
15:00,SIN_SSFV,764760,0.6726,1.0425,0.022369,0,1,1
15:00,SIN_SSFV,791042,0.4495,0.6968,-0.014913,0,1,1
15:00,SIN_SSFV,791043,0.4495,0.6968,0.014912,0,1,1
15:00,SIN_SSFV,791044,0.4495,0.6968,0.014912,0,1,1
15:00,SIN_SSFV,791045,0.4495,0.6968,0.014912,0,1,1
15:00,SIN_SSFV,804306,17.5755,68.5444,1.474514,0,1,1
15:00,SIN_SSFV,806799,0.6731,1.0432,0.022369,0,1,1
15:00,SIN_SSFV,807671,2.1444,3.3238,0.071801,1,1,1
15:00,SIN_SSFV,807672,2.1444,3.3238,0.071801,1,1,1
15:00,SIN_SSFV,807673,2.1444,3.3238,0.071800,1,1,1
15:00,SIN_SSFV,807674,2.1444,3.3238,0.071800,1,1,1
15:00,SIN_SSFV,807675,2.1444,3.3238,0.071800,1,1,1
15:00,SIN_SSFV,812080,1.7971,2.7855,0.059650,0,1,1
15:00,SIN_SSFV,812081,1.7971,2.7855,0.059650,0,1,1
15:00,SIN_SSFV,812082,1.7971,2.7855,0.059650,0,1,1
15:00,SIN_SSFV,812083,1.7971,2.7855,0.059650,0,1,1
15:00,SIN_SSFV,825166,0.5989,0.9282,0.019883,0,1,1
15:00,SIN_SSFV,825167,0.5989,0.9282,0.019883,0,1,1
15:00,SIN_SSFV,828934,2.6791,6.4559,0.138910,0,1,1
15:00,SIN_SSFV,828942,0.4329,1.0432,-0.022369,0,1,1
15:00,SIN_SSFV,828945,0.0020,0.0049,0.000033,0,1,1
15:00,SIN_SSFV,828948,0.0006,0.0015,0.000011,0,1,1
15:00,SIN_SSFV,9137,0.3362,0.5211,-0.011184,0,1,1
15:00,SIN_SSFV,9138,0.3362,0.5211,-0.011184,0,1,1
15:00,SIN_SSFV,9139,0.0000,0.0000,0.000022,0,1,1
15:00,SIN_SSFV,9140,0.0000,0.0000,0.000011,0,1,1
15:00,SIN_SSFV,9141,0.3362,0.5211,-0.011184,0,1,1
15:00,SIN_SSFV,9142,0.3362,0.5211,-0.011184,0,1,1
15:00,SIN_SSFV,9143,0.6723,1.0421,-0.022369,0,1,1
15:00,SIN_SSFV,9253,0.6722,1.0419,-0.022369,0,1,1
15:00,SIN_SSFV,9254,0.6722,1.0419,0.022369,0,1,1
15:00,SIN_SSFV,9256,0.6722,1.0419,0.022369,0,1,1
15:00,SIN_SSFV,9257,0.6722,1.0419,0.022369,0,1,1
15:00,SIN_SSFV,9258,0.6722,1.0419,0.022369,0,1,1
15:00,SIN_SSFV,9264,0.4482,0.6948,-0.014913,0,1,1
15:00,SIN_SSFV,9265,0.4482,0.6948,0.014913,0,1,1
15:00,SIN_SSFV,9266,0.4482,0.6948,0.014913,0,1,1
15:00,SIN_SSFV,9267,0.4482,0.6948,0.014912,0,1,1
15:00,SIN_SSFV,9268,0.4482,0.6948,0.014912,0,1,1
15:00,SIN_SSFV,9274,0.6731,1.0432,0.022369,0,1,1
15:00,SIN_SSFV,9275,0.6731,1.0432,0.022369,0,1,1
15:00,SIN_SSFV,9276,0.6731,1.0432,0.022369,0,1,1
15:00,SIN_SSFV,9277,0.6731,1.0432,0.022369,0,1,1
15:00,SIN_SSFV,9299,1.4201,2.2012,0.047224,0,1,1
15:00,SIN_SSFV,9300,1.4201,2.2012,0.047224,0,1,1
15:00,SIN_SSFV,9301,1.4201,2.2012,0.047223,0,1,1
15:00,SIN_SSFV,9302,0.2990,0.4634,0.009942,0,1,1
15:00,SIN_SSFV,9320,0.4486,0.6954,0.014913,0,1,1
15:00,SIN_SSFV,9321,0.4486,0.6954,0.014912,0,1,1
15:00,SIN_SSFV,9322,0.4486,0.6954,0.014912,0,1,1
15:00,SIN_SSFV,9323,0.4486,0.6954,0.014912,0,1,1
15:00,SIN_SSFV,9341,0.5387,0.8350,-0.017895,0,1,1
15:00,SIN_SSFV,9342,0.5387,0.8350,-0.017895,0,1,1
15:00,SIN_SSFV,9344,1.0774,1.6700,0.035790,0,1,1
15:00,SIN_SSFV,9345,0.8979,1.3917,0.029825,0,1,1
15:00,SIN_SSFV,9351,0.1796,0.2783,0.005965,0,1,1
15:00,SIN_SSFV,9352,0.1796,0.2783,0.005965,0,1,1
15:00,SIN_SSFV,9783,0.6728,1.0429,0.022369,0,1,1
15:00,SIN_SSFV,9784,0.6728,1.0429,0.022369,0,1,1
15:00,SIN_SSFV,9785,0.6728,1.0429,0.022369,0,1,1
15:00,SIN_SSFV,9811,0.2692,0.4172,0.008948,0,1,1
15:00,SIN_SSFV,9822,0.2692,0.4172,0.008947,0,1,1
15:00,SIN_SSFV,9823,0.2692,0.4172,0.008947,0,1,1
15:00,SIN_SSFV,9824,0.2692,0.4172,0.008947,0,1,1
15:00,SIN_SSFV,9839,2.8501,4.4176,-0.094681,0,1,1
15:00,SIN_SSFV,9840,2.9259,4.5352,-0.097200,0,1,1
15:00,SIN_SSFV,9841,2.8501,4.4176,-0.094679,0,1,1
15:00,SIN_SSFV,9842,2.9259,4.5352,0.097200,0,1,1
15:00,SIN_SSFV,9843,2.9927,4.6387,0.099418,0,1,1
15:00,SIN_SSFV,9844,2.7833,4.3141,0.092460,0,1,1
15:00,SIN_SSFV,9944,0.6734,1.0438,0.022369,0,1,1
15:00,SIN_SSFV,9945,0.6734,1.0438,0.022369,0,1,1
15:00,SIN_SSFV,9946,0.6734,1.0438,0.022369,0,1,1
15:00,SIN_SSFV,9949,0.6735,1.0439,0.022369,0,1,1
15:00,SIN_SSFV,9950,0.6735,1.0439,0.022369,0,1,1
15:00,SIN_SSFV,9966,0.2993,0.4640,0.009942,0,1,1
15:00,SIN_SSFV,9967,0.2993,0.4640,0.009942,0,1,1
15:00,SIN_SSFV,9989,0.8981,1.3920,-0.029825,0,1,1
15:00,SIN_SSFV,9990,0.8981,1.3920,0.029825,0,1,1
15:00,SIN_SSFV,9991,0.8981,1.3920,0.029825,0,1,1
15:00,CON_SSFV,10833,3.6678,5.6851,0.121787,0,1,1
15:00,CON_SSFV,10834,1.8339,2.8425,0.060893,0,1,1
15:00,CON_SSFV,10835,0.9357,1.4503,0.031068,0,1,1
15:00,CON_SSFV,10836,1.1976,1.8563,0.039766,0,1,1
15:00,CON_SSFV,10941,0.7860,1.2184,-0.026097,0,1,1
15:00,CON_SSFV,10942,0.6738,1.0443,0.022369,0,1,1
15:00,CON_SSFV,10943,0.6738,1.0443,0.022369,0,1,1
15:00,CON_SSFV,10944,0.6738,1.0443,0.022369,0,1,1
15:00,CON_SSFV,10945,0.6738,1.0443,0.022369,0,1,1
15:00,CON_SSFV,10978,0.7860,1.2184,-0.026097,0,1,1
15:00,CON_SSFV,10979,0.8983,1.3924,0.029825,0,1,1
15:00,CON_SSFV,11284,0.5392,0.8357,0.017895,0,1,1
15:00,CON_SSFV,11285,0.5841,0.9054,0.019386,0,1,1
15:00,CON_SSFV,11286,0.8986,1.3929,0.029825,0,1,1
15:00,CON_SSFV,11287,0.5392,0.8357,0.017895,0,1,1
15:00,CON_SSFV,11288,0.4493,0.6964,-0.014912,0,1,1
15:00,CON_SSFV,11289,0.4493,0.6964,0.014912,0,1,1
15:00,CON_SSFV,11290,0.4493,0.6964,0.014912,0,1,1
15:00,CON_SSFV,11342,0.4493,0.6964,-0.014912,0,1,1
15:00,CON_SSFV,11343,0.4493,0.6964,0.014912,0,1,1
15:00,CON_SSFV,11344,0.4493,0.6964,0.014912,0,1,1
15:00,CON_SSFV,11381,0.4492,0.6963,-0.014912,0,1,1
15:00,CON_SSFV,11382,0.4492,0.6963,0.014912,0,1,1
15:00,CON_SSFV,11383,0.4492,0.6963,-0.014912,0,1,1
15:00,CON_SSFV,11384,0.4492,0.6963,0.014912,0,1,1
15:00,CON_SSFV,11385,0.4492,0.6963,0.014912,0,1,1
15:00,CON_SSFV,15348,0.2993,0.4639,0.009942,0,1,1
15:00,CON_SSFV,15349,0.1190,0.4639,0.009942,0,1,1
15:00,CON_SSFV,15350,0.2993,0.4639,0.009942,0,1,1
15:00,CON_SSFV,15351,0.2993,0.4639,0.009942,0,1,1
15:00,CON_SSFV,21781,1.2183,2.4366,0.052194,0,1,1
15:00,CON_SSFV,21782,1.2183,2.4366,0.052194,0,1,1
15:00,CON_SSFV,21783,0.6962,1.3923,0.029825,0,1,1
15:00,CON_SSFV,26711,0.9357,1.4503,0.031068,0,1,1
15:00,CON_SSFV,26712,0.6737,1.0442,0.022369,0,1,1
15:00,CON_SSFV,26713,0.6737,1.0442,0.022369,0,1,1
15:00,CON_SSFV,40905,4.7798,7.4088,0.159069,0,1,1
15:00,CON_SSFV,40906,4.7798,7.4088,0.159068,0,1,1
15:00,CON_SSFV,40907,4.7798,7.4088,0.159066,0,1,1
15:00,CON_SSFV,47594,0.5392,0.8357,0.017895,0,1,1
15:00,CON_SSFV,47595,0.5841,0.9054,0.019386,0,1,1
15:00,CON_SSFV,47596,0.2696,0.4179,0.008947,0,1,1
15:00,CON_SSFV,47597,0.2696,0.4179,0.008947,0,1,1
15:00,CON_SSFV,5105,18.0461,64.0628,1.354195,0,1,1
15:00,CON_SSFV,5106,18.0465,64.0635,1.354059,0,1,1
15:00,CON_SSFV,5108,18.0466,64.0649,1.353744,0,1,1
15:00,CON_SSFV,5109,18.0467,64.0653,1.353664,0,1,1
15:00,CON_SSFV,5110,18.0470,64.0659,1.353536,0,1,1
15:00,CON_SSFV,5111,18.0473,64.0670,1.353310,0,1,1
15:00,CON_SSFV,5112,18.0475,64.0679,1.353116,0,1,1
15:00,CON_SSFV,5113,18.0477,64.0687,1.352943,0,1,1
15:00,CON_SSFV,5117,18.0478,64.0693,1.352803,0,1,1
15:00,CON_SSFV,5118,18.0481,64.0695,1.352752,0,1,1
15:00,CON_SSFV,5120,18.0482,64.0706,1.352524,0,1,1
15:00,CON_SSFV,5127,15.6695,55.6260,1.170984,0,1,1
15:00,CON_SSFV,5128,15.3763,54.5858,-1.148452,0,1,1
15:00,CON_SSFV,5129,14.9854,53.1975,1.118627,0,1,1
15:00,CON_SSFV,5130,14.9857,53.1983,1.118517,0,1,1
15:00,CON_SSFV,5132,2.5690,7.0645,0.151612,0,1,1
15:00,CON_SSFV,5136,1.2411,3.4126,0.070815,0,1,1
15:00,CON_SSFV,5140,12.4112,44.0589,0.922048,0,1,1
15:00,CON_SSFV,5142,14.8442,40.8206,0.852357,0,1,1
15:00,CON_SSFV,5143,14.4659,39.7803,0.829848,0,1,1
15:00,CON_SSFV,5145,0.8485,2.5026,0.053685,0,1,1
15:00,CON_SSFV,5147,13.3051,36.5883,0.761135,0,1,1
15:00,CON_SSFV,5148,14.7505,35.5479,0.738683,0,1,1
15:00,CON_SSFV,5153,12.9272,35.5488,0.738558,0,1,1
15:00,CON_SSFV,5154,9.6805,26.6208,0.546561,0,1,1
15:00,CON_SSFV,5156,8.6978,23.9181,0.488365,0,1,1
15:00,CON_SSFV,5157,8.1524,22.4180,0.456013,0,1,1
15:00,CON_SSFV,5158,7.6492,21.0342,0.426147,0,1,1
15:00,CON_SSFV,5280,7.4815,20.5738,0.416168,0,1,1
15:00,CON_SSFV,5281,8.5372,20.5742,0.416154,0,1,1
15:00,CON_SSFV,5282,8.1547,19.6521,0.396250,0,1,1
15:00,CON_SSFV,5283,8.1552,19.6529,0.396218,0,1,1
15:00,CON_SSFV,5285,5.8166,14.0169,0.274389,0,1,1
15:00,CON_SSFV,5287,4.3955,10.5919,0.199809,0,1,1
15:00,CON_SSFV,5288,3.1343,7.5526,0.132691,0,1,1
15:00,CON_SSFV,5289,3.1348,7.5537,0.132686,0,1,1
15:00,CON_SSFV,5290,3.1354,7.5548,0.132681,0,1,1
15:00,CON_SSFV,5291,2.5870,6.2344,0.102850,0,1,1
15:00,CON_SSFV,5292,2.5873,6.2347,0.102849,0,1,1
15:00,CON_SSFV,5294,2.5880,6.2355,0.102847,0,1,1
15:00,CON_SSFV,5295,2.5885,6.2371,0.102842,0,1,1
15:00,CON_SSFV,5296,2.5890,6.2383,0.102839,0,1,1
15:00,CON_SSFV,5297,2.0581,4.9588,0.073006,0,1,1
15:00,CON_SSFV,5298,2.0586,4.9601,0.073004,0,1,1
15:00,CON_SSFV,5300,1.2124,2.9208,0.019317,0,1,1
15:00,CON_SSFV,5304,0.0005,0.0013,0.000011,0,1,1
15:00,CON_SSFV,5373,2.5897,6.2394,0.102836,0,1,1
15:00,CON_SSFV,714206,1.7547,2.7198,0.055902,0,1,1
15:00,CON_SSFV,714207,1.7186,2.6639,0.057165,0,1,1
15:00,CON_SSFV,714208,2.9889,4.6328,0.099417,0,1,1
15:00,CON_SSFV,714209,2.9889,4.6328,0.099416,0,1,1
15:00,CON_SSFV,714525,0.4540,1.0443,0.022369,0,1,1
15:00,CON_SSFV,717305,0.4484,0.6950,0.014912,0,1,1
15:00,CON_SSFV,717306,0.4484,0.6950,0.014912,0,1,1
15:00,CON_SSFV,720189,1.6941,2.6259,0.058428,0,1,1
15:00,CON_SSFV,720190,1.6941,2.6259,0.058427,0,1,1
15:00,CON_SSFV,720191,1.6941,2.6259,0.058427,0,1,1
15:00,CON_SSFV,720192,1.7186,2.6639,0.057165,0,1,1
15:00,CON_SSFV,720193,0.4483,0.6949,0.014912,0,1,1
15:00,CON_SSFV,720194,0.4483,0.6949,0.014912,0,1,1
15:00,CON_SSFV,725649,0.6726,1.0425,0.022369,0,1,1
15:00,CON_SSFV,725650,0.6726,1.0425,0.022369,0,1,1
15:00,CON_SSFV,725659,0.6726,1.0425,0.022369,0,1,1
15:00,CON_SSFV,725660,0.6726,1.0425,0.022369,0,1,1
15:00,CON_SSFV,741064,1.8339,2.8425,0.060893,0,1,1
15:00,CON_SSFV,764757,0.6725,1.0424,0.022369,0,1,1
15:00,CON_SSFV,764758,0.6725,1.0424,0.022369,0,1,1
15:00,CON_SSFV,764759,0.6725,1.0424,0.022369,0,1,1
15:00,CON_SSFV,764760,0.6725,1.0424,0.022369,0,1,1
15:00,CON_SSFV,791042,0.4493,0.6964,-0.014913,0,1,1
15:00,CON_SSFV,791043,0.4493,0.6964,0.014912,0,1,1
15:00,CON_SSFV,791044,0.4493,0.6964,0.014912,0,1,1
15:00,CON_SSFV,791045,0.4493,0.6964,0.014912,0,1,1
15:00,CON_SSFV,804306,16.4264,64.0628,1.354216,0,1,1
15:00,CON_SSFV,806799,0.6729,1.0431,0.022369,0,1,1
15:00,CON_SSFV,807671,1.5980,2.4769,-0.047790,1,1,1
15:00,CON_SSFV,807672,1.5980,2.4769,-0.047791,1,1,1
15:00,CON_SSFV,807673,1.5980,2.4769,-0.047791,1,1,1
15:00,CON_SSFV,807674,1.5980,2.4769,-0.047791,1,1,1
15:00,CON_SSFV,807675,1.5980,2.4769,-0.047791,1,1,1
15:00,CON_SSFV,812080,1.7965,2.7845,0.059650,0,1,1
15:00,CON_SSFV,812081,1.7965,2.7845,0.059650,0,1,1
15:00,CON_SSFV,812082,1.7965,2.7845,0.059650,0,1,1
15:00,CON_SSFV,812083,1.7965,2.7845,0.059650,0,1,1
15:00,CON_SSFV,825166,0.5987,0.9280,0.019883,0,1,1
15:00,CON_SSFV,825167,0.5987,0.9280,0.019883,0,1,1
15:00,CON_SSFV,828934,1.2130,2.9220,0.019316,0,1,1
15:00,CON_SSFV,828942,0.4326,1.0426,-0.022369,0,1,1
15:00,CON_SSFV,828945,0.0020,0.0049,0.000033,0,1,1
15:00,CON_SSFV,828948,0.0006,0.0015,0.000011,0,1,1
15:00,CON_SSFV,9137,0.3361,0.5210,-0.011184,0,1,1
15:00,CON_SSFV,9138,0.3361,0.5210,-0.011184,0,1,1
15:00,CON_SSFV,9139,0.0000,0.0000,0.000022,0,1,1
15:00,CON_SSFV,9140,0.0000,0.0000,0.000011,0,1,1
15:00,CON_SSFV,9141,0.3361,0.5210,-0.011184,0,1,1
15:00,CON_SSFV,9142,0.3361,0.5210,-0.011184,0,1,1
15:00,CON_SSFV,9143,0.6723,1.0420,-0.022369,0,1,1
15:00,CON_SSFV,9253,0.6722,1.0418,-0.022369,0,1,1
15:00,CON_SSFV,9254,0.6722,1.0418,0.022369,0,1,1
15:00,CON_SSFV,9256,0.6722,1.0418,0.022369,0,1,1
15:00,CON_SSFV,9257,0.6722,1.0418,0.022369,0,1,1
15:00,CON_SSFV,9258,0.6722,1.0418,0.022369,0,1,1
15:00,CON_SSFV,9264,0.4482,0.6947,-0.014913,0,1,1
15:00,CON_SSFV,9265,0.4482,0.6947,0.014913,0,1,1
15:00,CON_SSFV,9266,0.4482,0.6947,0.014913,0,1,1
15:00,CON_SSFV,9267,0.4482,0.6947,0.014912,0,1,1
15:00,CON_SSFV,9268,0.4482,0.6947,0.014912,0,1,1
15:00,CON_SSFV,9274,0.6729,1.0431,0.022369,0,1,1
15:00,CON_SSFV,9275,0.6729,1.0431,0.022369,0,1,1
15:00,CON_SSFV,9276,0.6729,1.0431,0.022369,0,1,1
15:00,CON_SSFV,9277,0.6729,1.0431,0.022369,0,1,1
15:00,CON_SSFV,9299,1.4200,2.2009,0.047224,0,1,1
15:00,CON_SSFV,9300,1.4200,2.2009,0.047224,0,1,1
15:00,CON_SSFV,9301,1.4200,2.2009,0.047223,0,1,1
15:00,CON_SSFV,9302,0.2989,0.4634,0.009942,0,1,1
15:00,CON_SSFV,9320,0.4486,0.6953,0.014913,0,1,1
15:00,CON_SSFV,9321,0.4486,0.6953,0.014912,0,1,1
15:00,CON_SSFV,9322,0.4486,0.6953,0.014912,0,1,1
15:00,CON_SSFV,9323,0.4486,0.6953,0.014912,0,1,1
15:00,CON_SSFV,9341,0.5386,0.8348,-0.017895,0,1,1
15:00,CON_SSFV,9342,0.5386,0.8348,-0.017895,0,1,1
15:00,CON_SSFV,9344,1.0772,1.6697,0.035790,0,1,1
15:00,CON_SSFV,9345,0.8977,1.3914,0.029825,0,1,1
15:00,CON_SSFV,9351,0.1795,0.2783,0.005965,0,1,1
15:00,CON_SSFV,9352,0.1795,0.2783,0.005965,0,1,1
15:00,CON_SSFV,9783,0.6727,1.0427,0.022369,0,1,1
15:00,CON_SSFV,9784,0.6727,1.0427,0.022369,0,1,1
15:00,CON_SSFV,9785,0.6727,1.0427,0.022369,0,1,1
15:00,CON_SSFV,9811,0.2691,0.4172,0.008948,0,1,1
15:00,CON_SSFV,9822,0.2691,0.4172,0.008947,0,1,1
15:00,CON_SSFV,9823,0.2691,0.4172,0.008947,0,1,1
15:00,CON_SSFV,9824,0.2691,0.4172,0.008947,0,1,1
15:00,CON_SSFV,9839,2.8495,4.4167,-0.094681,0,1,1
15:00,CON_SSFV,9840,2.9253,4.5342,-0.097200,0,1,1
15:00,CON_SSFV,9841,2.8495,4.4167,-0.094679,0,1,1
15:00,CON_SSFV,9842,2.9253,4.5342,0.097200,0,1,1
15:00,CON_SSFV,9843,2.9921,4.6377,0.099418,0,1,1
15:00,CON_SSFV,9844,2.7827,4.3131,0.092460,0,1,1
15:00,CON_SSFV,9944,0.6733,1.0435,0.022369,0,1,1
15:00,CON_SSFV,9945,0.6733,1.0435,0.022369,0,1,1
15:00,CON_SSFV,9946,0.6733,1.0435,0.022369,0,1,1
15:00,CON_SSFV,9949,0.6733,1.0436,0.022369,0,1,1
15:00,CON_SSFV,9950,0.6733,1.0436,0.022369,0,1,1
15:00,CON_SSFV,9966,0.2993,0.4638,0.009942,0,1,1
15:00,CON_SSFV,9967,0.2993,0.4638,0.009942,0,1,1
15:00,CON_SSFV,9989,0.8979,1.3917,-0.029825,0,1,1
15:00,CON_SSFV,9990,0.8979,1.3917,0.029825,0,1,1
15:00,CON_SSFV,9991,0.8979,1.3917,0.029825,0,1,1
